,Unnamed: 0_level_0,Unnamed: 1_level_0,Unnamed: 2_level_0,Unnamed: 3_level_0,Unnamed: 4_level_0,Unnamed: 5_level_0,Unnamed: 6_level_0,Unnamed: 7_level_0,SCA,SCA,SCA Types,SCA Types,SCA Types,SCA Types,SCA Types,SCA Types,GCA,GCA,GCA Types,GCA Types,GCA Types,GCA Types,GCA Types,GCA Types,Unnamed: 24_level_0
,Rk,Player,Nation,Pos,Squad,Age,Born,90s,SCA,SCA90,PassLive,PassDead,TO,Sh,Fld,Def,GCA,GCA90,PassLive,PassDead,TO,Sh,Fld,Def,Matches
0,1,Liel Abada,il ISR,"MF,FW",Charlotte,23-202,2001,5.7,13,2.29,8,0,1,4,0,0,2,0.35,1,0,0,1,0,0,Matches
1,2,Luis Abram,pe PER,DF,Atlanta Utd,29-055,1996,4.8,2,0.41,2,0,0,0,0,0,0,0.00,0,0,0,0,0,0,Matches
2,3,Lalas Abubakar,gh GHA,"DF,MF",FC Dallas,30-119,1994,0.6,2,3.10,1,0,0,0,0,1,0,0.00,0,0,0,0,0,0,Matches
3,4,Kellyn Acosta,us USA,MF,Chicago Fire,29-273,1995,3.3,5,1.52,5,0,0,0,0,0,0,0.00,0,0,0,0,0,0,Matches
4,5,Luciano Acosta,ar ARG,MF,FC Dallas,30-327,1994,8.2,44,5.38,31,10,0,0,2,1,2,0.24,2,0,0,0,0,0,Matches
5,6,Sam Adekugbe,ca CAN,DF,Vancouver W'caps,30-097,1995,1.2,5,4.02,5,0,0,0,0,0,0,0.00,0,0,0,0,0,0,Matches
6,7,Leonardo Afonso,br BRA,FW,Inter Miami,23-284,2001,0.1,0,0.00,0,0,0,0,0,0,0,0.00,0,0,0,0,0,0,Matches
7,8,Stephen Afrifa,ca CAN,MF,Sporting KC,24-063,2001,0.0,2,60.00,0,0,1,0,1,0,0,0.00,0,0,0,0,0,0,Matches
8,9,William Agada,ng NGA,FW,Sporting KC,25-218,1999,1.1,2,1.82,2,0,0,0,0,0,0,0.00,0,0,0,0,0,0,Matches
9,10,Patrick Agyemang,us USA,FW,Charlotte,24-167,2000,7.0,18,2.56,11,0,0,0,7,0,4,0.57,1,0,0,0,3,0,Matches
10,11,Ali Ahmed,ca CAN,FW,Vancouver W'caps,24-195,2000,5.3,27,5.14,24,0,2,0,0,1,6,1.14,6,0,0,0,0,0,Matches
11,12,Forster Ajago,gh GHA,FW,Real Salt Lake,23-250,2001,2.9,4,1.39,4,0,0,0,0,0,1,0.35,1,0,0,0,0,0,Matches
12,13,Jordi Alba,es ESP,DF,Inter Miami,36-033,1989,7.4,18,2.45,16,0,0,1,0,1,4,0.54,4,0,0,0,0,0,Matches
13,14,Noah Allen,us USA,DF,Inter Miami,20-360,2004,6.0,3,0.50,3,0,0,0,0,0,0,0.00,0,0,0,0,0,0,Matches
14,15,Tadeo Allende,ar ARG,"MF,FW",Inter Miami,26-062,1999,3.8,8,2.11,5,0,2,1,0,0,1,0.26,1,0,0,0,0,0,Matches
15,16,Miguel Almirón,py PAR,"FW,MF",Atlanta Utd,31-072,1994,7.9,37,4.66,27,1,2,2,3,2,2,0.25,2,0,0,0,0,0,Matches
16,17,Alejandro Alvarado Jr.,us USA,MF,San Diego FC,21-268,2003,2.0,4,2.03,4,0,0,0,0,0,0,0.00,0,0,0,0,0,0,Matches
17,18,Fernando Álvarez,co COL,DF,CF Montréal,21-242,2003,2.6,5,1.94,4,1,0,0,0,0,0,0.00,0,0,0,0,0,0,Matches
18,19,Pedro Amador,pt POR,DF,Atlanta Utd,26-126,1998,4.7,9,1.90,9,0,0,0,0,0,0,0.00,0,0,0,0,0,0,Matches
19,20,Malte Amundsen,dk DEN,DF,Columbus Crew,27-071,1998,6.2,7,1.12,5,0,1,0,0,1,2,0.32,1,0,0,0,0,1,Matches
20,21,Tomas Ángel,co COL,"FW,MF",San Diego FC,22-062,2003,3.3,11,3.36,9,0,0,2,0,0,2,0.61,2,0,0,0,0,0,Matches
21,22,Iván Angulo,co COL,"FW,MF",Orlando City,26-032,1999,7.7,16,2.08,15,0,0,0,0,1,1,0.13,1,0,0,0,0,0,Matches
22,23,Antony,br BRA,"FW,MF",Portland Timbers,23-227,2001,8.1,23,2.84,21,0,0,1,1,0,3,0.37,3,0,0,0,0,0,Matches
23,24,Brian Anunga,cm CMR,MF,FC Cincinnati,28-256,1996,5.3,6,1.13,5,1,0,0,0,0,1,0.19,1,0,0,0,0,0,Matches
24,25,Chris Applewhite,us USA,DF,Nashville SC,17-243,2007,0.1,0,0.00,0,0,0,0,0,0,0,0.00,0,0,0,0,0,0,Matches
25,Rk,Player,Nation,Pos,Squad,Age,Born,90s,SCA,SCA90,PassLive,PassDead,TO,Sh,Fld,Def,GCA,GCA90,PassLive,PassDead,TO,Sh,Fld,Def,Matches
26,26,Cristian Arango,co COL,"MF,FW",SJ Earthquakes,30-045,1995,8.8,33,3.77,23,1,2,3,3,1,2,0.23,2,0,0,0,0,0,Matches
27,27,César Araujo,uy URU,MF,Orlando City,24-021,2001,5.0,11,2.20,5,0,0,0,4,2,2,0.40,1,0,0,0,1,0,Matches
28,28,Maximilian Arfsten,us USA,"DF,MF",Columbus Crew,24-004,2001,8.0,23,2.88,17,1,4,0,1,0,3,0.38,3,0,0,0,0,0,Matches
29,29,Daniel Armando Ríos,mx MEX,FW,Vancouver W'caps,30-060,1995,2.7,7,2.53,3,0,1,3,0,0,0,0.00,0,0,0,0,0,0,Matches
30,30,Paul Arriola,us USA,"FW,DF",Seattle Sounders,30-077,1995,0.8,1,1.20,1,0,0,0,0,0,0,0.00,0,0,0,0,0,0,Matches
31,31,Artur,br BRA,MF,Houston Dynamo,29-043,1996,9.0,15,1.67,15,0,0,0,0,0,0,0.00,0,0,0,0,0,0,Matches
32,32,Joshua Atencio,us USA,MF,Colorado Rapids,23-082,2002,6.7,18,2.70,17,0,0,1,0,0,0,0.00,0,0,0,0,0,0,Matches
33,33,Eduard Atuesta,co COL,MF,Orlando City,27-309,1997,5.8,27,4.62,19,4,1,1,1,1,7,1.20,5,0,0,0,1,1,Matches
34,34,Julián Aude,ar ARG,DF,LA Galaxy,22-030,2003,5.1,9,1.76,8,0,0,0,1,0,0,0.00,0,0,0,0,0,0,Matches
35,35,Tomás Avilés,ar ARG,DF,Inter Miami,21-079,2004,3.6,2,0.56,2,0,0,0,0,0,0,0.00,0,0,0,0,0,0,Matches
36,36,Chidozie Awaziem,ng NGA,DF,Colorado Rapids,28-112,1997,8.7,5,0.57,4,0,0,1,0,0,1,0.11,0,0,0,1,0,0,Matches
37,37,Obafemi Awodesu,us USA,DF,Houston Dynamo,24-018,2001,9.0,3,0.33,3,0,0,0,0,0,0,0.00,0,0,0,0,0,0,Matches
38,38,David Ayala,ar ARG,MF,Portland Timbers,22-271,2002,7.7,13,1.69,9,0,0,3,0,1,1,0.13,0,0,0,1,0,0,Matches
39,39,Dominique Badji,sn SEN,"MF,FW",D.C. United,32-189,1992,2.5,3,1.22,2,0,0,0,1,0,0,0.00,0,0,0,0,0,0,Matches
40,40,Jeevan Badwal,ca CAN,"MF,FW",Vancouver W'caps,19-043,2006,0.7,1,1.41,1,0,0,0,0,0,0,0.00,0,0,0,0,0,0,Matches
41,41,Corey Baird,us USA,"MF,FW",FC Cincinnati,29-083,1996,3.1,13,4.13,9,2,0,2,0,0,2,0.64,0,0,0,2,0,0,Matches
42,42,Cody Baker,us USA,MF,Seattle Sounders,21-106,2004,0.2,0,0.00,0,0,0,0,0,0,0,0.00,0,0,0,0,0,0,Matches
43,43,Reed Baker-Whiting,us USA,"FW,MF",Seattle Sounders,20-023,2005,0.3,2,6.21,2,0,0,0,0,0,0,0.00,0,0,0,0,0,0,Matches
44,44,Monsef Bakrar,dz ALG,"FW,MF",NYCFC,24-100,2001,3.1,9,2.90,8,0,0,1,0,0,0,0.00,0,0,0,0,0,0,Matches
45,45,Jonathan Bamba,ci CIV,FW,Chicago Fire,29-028,1996,8.6,35,4.06,27,0,2,3,2,1,7,0.81,5,0,1,0,0,1,Matches
46,46,Fidel Barajas,mx MEX,FW,D.C. United,19-018,2006,0.2,1,4.50,1,0,0,0,0,0,0,0.00,0,0,0,0,0,0,Matches
47,47,Jesús Barea,es ESP,FW,Real Salt Lake,22-360,2002,2.0,8,3.98,3,1,0,3,1,0,0,0.00,0,0,0,0,0,0,Matches
48,48,Tai Baribo,il ISR,"FW,MF",Philadelphia Union,27-098,1998,6.4,11,1.72,9,0,1,1,0,0,0,0.00,0,0,0,0,0,0,Matches
49,49,Tom Barlow,us USA,"FW,MF",Chicago Fire,29-289,1995,1.6,2,1.28,1,0,0,1,0,0,0,0.00,0,0,0,0,0,0,Matches
50,50,Luis Barraza,us USA,GK,D.C. United,28-166,1996,2.0,1,0.50,0,1,0,0,0,0,1,0.50,0,1,0,0,0,0,Matches
51,Rk,Player,Nation,Pos,Squad,Age,Born,90s,SCA,SCA90,PassLive,PassDead,TO,Sh,Fld,Def,GCA,GCA90,PassLive,PassDead,TO,Sh,Fld,Def,Matches
52,51,Leonardo Barroso,pt POR,DF,Chicago Fire,19-315,2005,3.0,4,1.35,4,0,0,0,0,0,2,0.67,2,0,0,0,0,0,Matches
53,52,Jacob Bartlett,us USA,MF,Sporting KC,19-198,2005,4.9,0,0.00,0,0,0,0,0,0,0,0.00,0,0,0,0,0,0,Matches
54,53,Lucas Bartlett,us USA,DF,D.C. United,27-271,1997,9.0,6,0.67,6,0,0,0,0,0,1,0.11,1,0,0,0,0,0,Matches
55,54,Ethan Bartlow,us USA,DF,Houston Dynamo,25-080,2000,4.0,5,1.24,2,0,1,1,0,1,0,0.00,0,0,0,0,0,0,Matches
56,55,Cole Bassett,us USA,"MF,FW",Colorado Rapids,23-269,2001,8.5,26,3.06,23,1,0,2,0,0,4,0.47,4,0,0,0,0,0,Matches
57,56,Sam Bassett,us USA,MF,Colorado Rapids,22-010,2003,0.1,0,0.00,0,0,0,0,0,0,0,0.00,0,0,0,0,0,0,Matches
58,57,Amine Bassi,fr FRA,"MF,FW",Houston Dynamo,27-147,1997,8.4,19,2.27,15,1,0,1,2,0,1,0.12,0,0,0,1,0,0,Matches
59,58,Zorhan Bassong,ca CAN,MF,Sporting KC,25-351,1999,2.8,3,1.06,3,0,0,0,0,0,0,0.00,0,0,0,0,0,0,Matches
60,59,Andy Batioja,co COL,FW,Houston Dynamo,19-082,2006,0.1,0,0.00,0,0,0,0,0,0,0,0.00,0,0,0,0,0,0,Matches
61,60,Josh Bauer,us USA,DF,Nashville SC,26-275,1998,2.4,6,2.56,6,0,0,0,0,0,1,0.43,1,0,0,0,0,0,Matches
62,61,Timo Baumgartl,de GER,DF,St. Louis,29-050,1996,2.2,0,0.00,0,0,0,0,0,0,0,0.00,0,0,0,0,0,0,Matches
63,62,Tanner Beason,us USA,DF,NE Revolution,28-031,1997,2.6,2,0.77,2,0,0,0,0,0,0,0.00,0,0,0,0,0,0,Matches
64,63,Adam Beaudry,us USA,GK,Colorado Rapids,19-005,2006,1.0,0,0.00,0,0,0,0,0,0,0,0.00,0,0,0,0,0,0,Matches
65,64,Simon Becher,us USA,"FW,MF",St. Louis,25-277,1999,4.6,14,3.07,9,0,1,2,1,1,1,0.22,1,0,0,0,0,0,Matches
66,65,Alejandro Bedoya,us USA,"MF,FW",Philadelphia Union,37-359,1987,0.8,3,3.97,3,0,0,0,0,0,1,1.32,1,0,0,0,0,0,Matches
67,66,Jon Bell,jm JAM,DF,Seattle Sounders,27-240,1997,4.0,5,1.24,5,0,0,0,0,0,2,0.49,2,0,0,0,0,0,Matches
68,67,Ramiro Benetti,br BRA,MF,FC Dallas,31-336,1993,8.1,8,0.98,6,0,0,0,2,0,0,0.00,0,0,0,0,0,0,Matches
69,68,Christian Benteke,be BEL,FW,D.C. United,34-141,1990,8.2,18,2.20,11,0,0,7,0,0,1,0.12,1,0,0,0,0,0,Matches
70,69,Sebastian Berhalter,us USA,MF,Vancouver W'caps,23-341,2001,7.5,33,4.38,17,14,0,1,0,1,1,0.13,1,0,0,0,0,0,Matches
71,70,Federico Bernardeschi,it ITA,FW,Toronto FC,31-066,1994,9.0,26,2.89,21,3,0,1,1,0,3,0.33,2,1,0,0,0,0,Matches
72,71,Miguel Berry,es ESP,FW,LA Galaxy,27-219,1997,3.5,6,1.72,6,0,0,0,0,0,2,0.57,2,0,0,0,0,0,Matches
73,72,Pep Biel,es ESP,"FW,MF",Charlotte,28-230,1996,7.8,28,3.58,22,4,1,1,0,0,7,0.90,5,1,1,0,0,0,Matches
74,73,Guilherme Biro,br BRA,DF,Austin,24-357,2000,8.4,19,2.25,16,2,1,0,0,0,1,0.12,1,0,0,0,0,0,Matches
75,74,Tristan Blackmon,us USA,DF,Vancouver W'caps,28-254,1996,8.0,9,1.13,7,2,0,0,0,0,1,0.12,1,0,0,0,0,0,Matches
76,75,Andre Blake,jm JAM,GK,Philadelphia Union,34-153,1990,7.0,1,0.14,0,1,0,0,0,0,0,0.00,0,0,0,0,0,0,Matches
77,Rk,Player,Nation,Pos,Squad,Age,Born,90s,SCA,SCA90,PassLive,PassDead,TO,Sh,Fld,Def,GCA,GCA90,PassLive,PassDead,TO,Sh,Fld,Def,Matches
78,76,Emmanuel Boateng,gh GHA,FW,San Diego FC,31-096,1994,0.8,3,3.60,3,0,0,0,0,0,0,0.00,0,0,0,0,0,0,Matches
79,77,Wiktor Bogacz,pl POL,"DF,FW",NY Red Bulls,20-283,2004,0.3,0,0.00,0,0,0,0,0,0,0,0.00,0,0,0,0,0,0,Matches
80,78,Luca Bombino,us USA,DF,San Diego FC,18-287,2006,1.9,3,1.56,3,0,0,0,0,0,0,0.00,0,0,0,0,0,0,Matches
81,79,Jonathan Bond,eng ENG,GK,Houston Dynamo,31-339,1993,1.0,0,0.00,0,0,0,0,0,0,0,0.00,0,0,0,0,0,0,Matches
82,80,Denis Bouanga,ga GAB,FW,LAFC,30-163,1994,7.4,32,4.35,14,2,6,6,3,1,6,0.82,3,0,0,2,1,0,Matches
83,81,Ousseni Bouda,bf BFA,"FW,MF",SJ Earthquakes,24-360,2000,3.4,10,2.95,6,0,0,1,2,1,1,0.30,1,0,0,0,0,0,Matches
84,82,Giuseppe Bovalina,au AUS,DF,Vancouver W'caps,20-163,2004,0.3,1,3.60,0,0,0,1,0,0,0,0.00,0,0,0,0,0,0,Matches
85,83,Michael Boxall,nz NZL,DF,Minnesota Utd,36-248,1988,7.0,6,0.86,6,0,0,0,0,0,1,0.14,1,0,0,0,0,0,Matches
86,84,Christopher Brady,us USA,GK,Chicago Fire,21-051,2004,9.0,0,0.00,0,0,0,0,0,0,0,0.00,0,0,0,0,0,0,Matches
87,85,Claudio Bravo,ar ARG,DF,Portland Timbers,28-041,1997,0.5,2,3.67,2,0,0,0,0,0,0,0.00,0,0,0,0,0,0,Matches
88,86,David Brekalo,si SVN,DF,Orlando City,26-141,1998,4.4,5,1.14,3,0,0,1,0,1,1,0.23,1,0,0,0,0,0,Matches
89,87,Yannick Bright,it ITA,MF,Inter Miami,23-232,2001,4.1,0,0.00,0,0,0,0,0,0,0,0.00,0,0,0,0,0,0,Matches
90,88,Andrew Brody,us USA,DF,Sporting KC,29-355,1995,0.4,0,0.00,0,0,0,0,0,0,0,0.00,0,0,0,0,0,0,Matches
91,89,Brandt Bronico,us USA,MF,Charlotte,29-307,1995,7.3,8,1.10,6,0,1,1,0,0,1,0.14,0,0,1,0,0,0,Matches
92,90,Lachlan Brook,au AUS,FW,Real Salt Lake,24-074,2001,0.9,3,3.18,2,0,0,1,0,0,0,0.00,0,0,0,0,0,0,Matches
93,91,Javain Brown,jm JAM,DF,Real Salt Lake,26-045,1999,2.2,2,0.93,0,1,0,1,0,0,0,0.00,0,0,0,0,0,0,Matches
94,92,Tristan Brown,us USA,DF,Columbus Crew,17-188,2007,0.2,1,5.00,1,0,0,0,0,0,0,0.00,0,0,0,0,0,0,Matches
95,93,Gastón Brugman,uy URU,MF,Nashville SC,32-228,1992,3.6,15,4.12,13,0,1,0,1,0,2,0.55,2,0,0,0,0,0,Matches
96,94,Ola Brynhildsen,no NOR,"FW,MF",Toronto FC,25-361,1999,2.2,2,0.90,1,0,0,0,1,0,0,0.00,0,0,0,0,0,0,Matches
97,95,Pavel Bucha,cz CZE,MF,FC Cincinnati,27-043,1998,8.4,29,3.47,23,2,2,0,1,1,3,0.36,2,0,1,0,0,0,Matches
98,96,Noel Buck,eng ENG,"MF,DF",NE Revolution,20-018,2005,0.3,0,0.00,0,0,0,0,0,0,0,0.00,0,0,0,0,0,0,Matches
99,97,Dawid Bugaj,pl POL,DF,CF Montréal,20-288,2004,1.5,0,0.00,0,0,0,0,0,0,0,0.00,0,0,0,0,0,0,Matches
100,98,Osman Bukari,gh GHA,MF,Austin,26-131,1998,6.6,29,4.42,22,0,3,3,1,0,2,0.30,1,0,1,0,0,0,Matches
101,99,Teal Bunbury,us USA,"FW,MF",Nashville SC,35-055,1990,0.4,0,0.00,0,0,0,0,0,0,0,0.00,0,0,0,0,0,0,Matches
102,100,Roman Bürki,ch SUI,GK,St. Louis,34-160,1990,3.0,0,0.00,0,0,0,0,0,0,0,0.00,0,0,0,0,0,0,Matches
103,Rk,Player,Nation,Pos,Squad,Age,Born,90s,SCA,SCA90,PassLive,PassDead,TO,Sh,Fld,Def,GCA,GCA90,PassLive,PassDead,TO,Sh,Fld,Def,Matches
104,101,Evan Bush,us USA,GK,Columbus Crew,39-048,1986,1.0,0,0.00,0,0,0,0,0,0,0,0.00,0,0,0,0,0,0,Matches
105,102,Sergio Busquets,es ESP,MF,Inter Miami,36-281,1988,7.9,15,1.90,11,2,0,0,2,0,1,0.13,0,1,0,0,0,0,Matches
106,103,Brandon Bye,us USA,DF,NE Revolution,29-145,1995,2.9,4,1.36,3,1,0,0,0,0,0,0.00,0,0,0,0,0,0,Matches
107,104,Nathan Byrne,eng ENG,DF,Charlotte,32-322,1992,8.0,9,1.13,9,0,0,0,0,0,0,0.00,0,0,0,0,0,0,Matches
108,105,Kevin Cabral,fr FRA,FW,Colorado Rapids,25-287,1999,5.5,4,0.72,4,0,0,0,0,0,0,0.00,0,0,0,0,0,0,Matches
109,106,Rafael Cabral,br BRA,GK,Real Salt Lake,34-338,1990,9.0,2,0.22,1,1,0,0,0,0,0,0.00,0,0,0,0,0,0,Matches
110,107,Drake Callender,us USA,GK,Inter Miami,27-198,1997,1.1,0,0.00,0,0,0,0,0,0,0,0.00,0,0,0,0,0,0,Matches
111,108,Leonardo Campana,ec ECU,FW,NE Revolution,24-273,2000,3.2,9,2.81,5,1,1,2,0,0,1,0.31,1,0,0,0,0,0,Matches
112,109,George Campbell,us USA,DF,CF Montréal,23-305,2001,6.9,12,1.73,7,0,0,4,1,0,1,0.14,0,0,0,1,0,0,Matches
113,110,Reggie Cannon,us USA,DF,Colorado Rapids,26-316,1998,5.3,2,0.37,2,0,0,0,0,0,0,0.00,0,0,0,0,0,0,Matches
114,111,Gustavo Caraballo,us USA,"MF,FW",Orlando City,16-237,2008,0.1,2,20.00,1,1,0,0,0,0,0,0.00,0,0,0,0,0,0,Matches
115,112,Felipe Carballo,uy URU,MF,NY Red Bulls,28-201,1996,3.9,12,3.11,8,2,1,0,1,0,2,0.52,2,0,0,0,0,0,Matches
116,113,Wikelman Carmona,ve VEN,"MF,FW",NY Red Bulls,22-058,2003,3.2,6,1.85,3,0,1,1,1,0,0,0.00,0,0,0,0,0,0,Matches
117,114,Maximo Carrizo,us USA,FW,NYCFC,17-054,2008,0.2,0,0.00,0,0,0,0,0,0,0,0.00,0,0,0,0,0,0,Matches
118,115,Julio Cascante,cr CRC,DF,Austin,31-202,1993,2.5,2,0.81,2,0,0,0,0,0,1,0.41,1,0,0,0,0,0,Matches
119,116,Nico Cavallo,us USA,DF,NYCFC,23-117,2001,0.7,0,0.00,0,0,0,0,0,0,0,0.00,0,0,0,0,0,0,Matches
120,117,Brayan Ceballos,co COL,DF,NE Revolution,23-334,2001,7.0,4,0.57,3,0,0,1,0,0,0,0.00,0,0,0,0,0,0,Matches
121,118,Roman Celentano,us USA,GK,FC Cincinnati,24-221,2000,9.0,2,0.22,1,1,0,0,0,0,0,0.00,0,0,0,0,0,0,Matches
122,119,Edwin Cerrillo,us USA,"MF,DF",LA Galaxy,24-202,2000,8.0,14,1.76,13,1,0,0,0,0,1,0.13,1,0,0,0,0,0,Matches
123,120,Dylan Chambost,fr FRA,"MF,FW",Columbus Crew,27-247,1997,8.8,22,2.49,17,3,0,0,2,0,3,0.34,3,0,0,0,0,0,Matches
124,121,Tomás Chancalay,ar ARG,FW,NE Revolution,26-112,1999,0.4,0,0.00,0,0,0,0,0,0,0,0.00,0,0,0,0,0,0,Matches
125,122,Maxime Chanot,lu LUX,DF,LAFC,35-153,1989,0.7,0,0.00,0,0,0,0,0,0,0,0.00,0,0,0,0,0,0,Matches
126,123,Diego Chará,co COL,MF,Portland Timbers,39-018,1986,6.9,7,1.01,6,0,0,0,0,1,0,0.00,0,0,0,0,0,0,Matches
127,124,Gabriel Chaves,br BRA,"FW,MF",LA Galaxy,24-071,2001,8.0,24,3.00,10,4,4,5,1,0,1,0.12,1,0,0,0,0,0,Matches
128,125,Yevhen Cheberko,ua UKR,DF,Columbus Crew,27-090,1998,7.5,9,1.20,6,1,0,0,1,1,0,0.00,0,0,0,0,0,0,Matches
129,Rk,Player,Nation,Pos,Squad,Age,Born,90s,SCA,SCA90,PassLive,PassDead,TO,Sh,Fld,Def,GCA,GCA90,PassLive,PassDead,TO,Sh,Fld,Def,Matches
130,126,Ștefan Chirilă,ro ROU,MF,FC Cincinnati,18-098,2007,0.1,1,11.25,1,0,0,0,0,0,0,0.00,0,0,0,0,0,0,Matches
131,127,Dominik Chong Qui,us USA,DF,Atlanta Utd,17-115,2007,0.7,1,1.53,1,0,0,0,0,0,0,0.00,0,0,0,0,0,0,Matches
132,128,Léo Chú,br BRA,"FW,MF",FC Dallas,25-017,2000,2.3,3,1.29,3,0,0,0,0,0,0,0.00,0,0,0,0,0,0,Matches
133,129,Markus Cimermancic,ca CAN,"DF,MF",Toronto FC,20-204,2004,2.4,3,1.23,3,0,0,0,0,0,0,0.00,0,0,0,0,0,0,Matches
134,130,Caden Clark,us USA,"FW,MF",CF Montréal,21-331,2003,6.4,15,2.34,8,1,0,4,1,1,2,0.31,1,0,0,1,0,0,Matches
135,131,Noah Cobb,us USA,"DF,FW",Atlanta Utd,19-277,2005,1.8,1,0.57,1,0,0,0,0,0,0,0.00,0,0,0,0,0,0,Matches
136,132,Alonso Coello,es ESP,MF,Toronto FC,25-193,1999,4.7,7,1.49,6,1,0,0,0,0,1,0.21,1,0,0,0,0,0,Matches
137,133,Michael Collodi,us USA,GK,FC Dallas,23-333,2001,1.0,0,0.00,0,0,0,0,0,0,0,0.00,0,0,0,0,0,0,Matches
138,134,Theo Corbeanu,ca CAN,FW,Toronto FC,22-341,2002,4.6,8,1.76,7,0,1,0,0,0,1,0.22,0,0,1,0,0,0,Matches
139,135,Matthew Corcoran,us USA,MF,Nashville SC,19-065,2006,1.6,2,1.22,1,0,0,0,0,1,0,0.00,0,0,0,0,0,0,Matches
140,136,Carlos Coronel,py PAR,GK,NY Red Bulls,28-115,1996,8.0,1,0.12,1,0,0,0,0,0,0,0.00,0,0,0,0,0,0,Matches
141,137,David Costa,pt POR,"MF,FW",Portland Timbers,24-108,2001,8.4,34,4.07,24,9,1,0,0,0,5,0.60,5,0,0,0,0,0,Matches
142,138,Vitor Costa,br BRA,DF,SJ Earthquakes,30-296,1994,3.1,9,2.87,5,0,0,2,2,0,0,0.00,0,0,0,0,0,0,Matches
143,139,Brandan Craig,us USA,DF,CF Montréal,21-016,2004,1.2,1,0.84,1,0,0,0,0,0,0,0.00,0,0,0,0,0,0,Matches
144,140,Ben Cremaschi,us USA,"MF,FW",Inter Miami,20-052,2005,5.2,7,1.36,6,1,0,0,0,0,2,0.39,1,1,0,0,0,0,Matches
145,141,Maxime Crépeau,ca CAN,GK,Portland Timbers,30-347,1994,1.0,0,0.00,0,0,0,0,0,0,0,0.00,0,0,0,0,0,0,Matches
146,142,Andrés Cubas,py PAR,MF,Vancouver W'caps,28-336,1996,6.9,9,1.31,9,0,0,0,0,0,1,0.15,1,0,0,0,0,0,Matches
147,143,Mauricio Cuevas,us USA,MF,LA Galaxy,22-072,2003,0.1,0,0.00,0,0,0,0,0,0,0,0.00,0,0,0,0,0,0,Matches
148,144,Hugo Cuypers,be BEL,FW,Chicago Fire,28-075,1997,7.9,22,2.78,14,0,3,3,2,0,4,0.51,2,0,1,0,1,0,Matches
149,145,Bruno Damiani,uy URU,FW,Philadelphia Union,23-005,2002,4.6,19,4.16,15,0,0,3,1,0,2,0.44,1,0,0,1,0,0,Matches
150,146,Dagur Dan Þórhallsson,is ISL,"MF,DF",Orlando City,24-356,2000,4.3,9,2.11,8,0,0,0,1,0,1,0.23,0,0,0,0,1,0,Matches
151,147,Daniel,br BRA,GK,SJ Earthquakes,30-352,1994,7.2,3,0.42,3,0,0,0,0,0,0,0.00,0,0,0,0,0,0,Matches
152,148,Jesús Daniel Bueno,ve VEN,MF,Philadelphia Union,26-008,1999,0.2,2,10.00,1,0,0,0,0,1,0,0.00,0,0,0,0,0,0,Matches
153,149,Héctor David Martínez,py PAR,"FW,DF",Inter Miami,27-092,1998,0.1,0,0.00,0,0,0,0,0,0,0,0.00,0,0,0,0,0,0,Matches
154,150,Juan David Mosquera,co COL,DF,Portland Timbers,22-230,2002,4.1,8,1.97,8,0,0,0,0,0,0,0.00,0,0,0,0,0,0,Matches
155,Rk,Player,Nation,Pos,Squad,Age,Born,90s,SCA,SCA90,PassLive,PassDead,TO,Sh,Fld,Def,GCA,GCA90,PassLive,PassDead,TO,Sh,Fld,Def,Matches
156,151,Bode Davis,us USA,DF,Real Salt Lake,23-060,2002,4.8,13,2.71,13,0,0,0,0,0,0,0.00,0,0,0,0,0,0,Matches
157,152,Jake Davis,us USA,"DF,MF",Sporting KC,23-110,2002,7.5,12,1.60,9,2,1,0,0,0,2,0.27,2,0,0,0,0,0,Matches
158,153,Pedro De la Vega,ar ARG,"FW,MF",Seattle Sounders,24-075,2001,2.4,12,4.91,7,0,2,3,0,0,2,0.82,1,0,0,1,0,0,Matches
159,154,Jonathan Dean,us USA,DF,Chicago Fire,27-343,1997,3.0,6,1.98,4,2,0,0,0,0,0,0.00,0,0,0,0,0,0,Matches
160,155,Marky Delgado,us USA,MF,LAFC,29-342,1995,6.5,20,3.08,16,1,0,2,0,1,3,0.46,3,0,0,0,0,0,Matches
161,156,Patrickson Delgado,ec ECU,"FW,MF",FC Dallas,21-188,2003,3.0,5,1.65,5,0,0,0,0,0,0,0.00,0,0,0,0,0,0,Matches
162,157,Kévin Denkey,tg TOG,FW,FC Cincinnati,24-144,2000,7.3,19,2.62,14,0,1,2,1,1,0,0.00,0,0,0,0,0,0,Matches
163,158,Mikkel Desler,dk DEN,DF,Austin,30-063,1995,2.6,6,2.27,6,0,0,0,0,0,0,0.00,0,0,0,0,0,0,Matches
164,159,Djibril Diani,fr FRA,"MF,DF",Charlotte,27-071,1998,1.7,4,2.35,4,0,0,0,0,0,0,0.00,0,0,0,0,0,0,Matches
165,160,Jefferson Díaz,co COL,DF,Minnesota Utd,24-139,2000,5.7,9,1.57,8,0,0,1,0,0,1,0.17,1,0,0,0,0,0,Matches
166,161,Luis Díaz,cr CRC,"FW,MF",NE Revolution,26-138,1998,1.0,5,4.79,2,0,0,1,2,0,1,0.96,0,0,0,1,0,0,Matches
167,162,Hamady Diop,sn SEN,DF,San Diego FC,22-321,2002,1.8,7,3.89,6,0,0,1,0,0,1,0.56,1,0,0,0,0,0,Matches
168,163,Innocent Dje,ci CIV,MF,Chicago Fire,21-353,2003,0.4,0,0.00,0,0,0,0,0,0,0,0.00,0,0,0,0,0,0,Matches
169,164,Derek Dodson,us USA,DF,D.C. United,26-171,1998,1.7,6,3.51,4,0,2,0,0,0,1,0.58,1,0,0,0,0,0,Matches
170,165,Maxime Dominguez,ch SUI,MF,Toronto FC,29-081,1996,0.7,1,1.45,1,0,0,0,0,0,0,0.00,0,0,0,0,0,0,Matches
171,166,Ronald Donkor,ml MLI,MF,NY Red Bulls,20-154,2004,0.8,1,1.32,1,0,0,0,0,0,0,0.00,0,0,0,0,0,0,Matches
172,167,Christopher Donovan,us USA,"FW,MF",Philadelphia Union,24-258,2000,0.8,4,5.29,2,0,0,0,2,0,1,1.32,1,0,0,0,0,0,Matches
173,168,Griffin Dorsey,us USA,DF,Houston Dynamo,26-049,1999,8.9,14,1.57,13,0,1,0,0,0,2,0.22,2,0,0,0,0,0,Matches
174,169,C.J. dos Santos,us USA,GK,San Diego FC,24-242,2000,9.0,1,0.11,1,0,0,0,0,0,0,0.00,0,0,0,0,0,0,Matches
175,170,Hassani Dotson,us USA,MF,Minnesota Utd,27-260,1997,4.1,8,1.94,7,0,1,0,0,0,0,0.00,0,0,0,0,0,0,Matches
176,171,Souleyman Doumbia,ci CIV,DF,Charlotte,28-211,1996,3.5,0,0.00,0,0,0,0,0,0,0,0.00,0,0,0,0,0,0,Matches
177,172,Anders Dreyer,dk DEN,FW,San Diego FC,26-356,1998,8.6,42,4.87,25,9,3,3,2,0,4,0.46,3,1,0,0,0,0,Matches
178,173,Nicolás Dubersarsky,ar ARG,MF,Austin,20-123,2004,0.6,2,3.53,2,0,0,0,0,0,0,0.00,0,0,0,0,0,0,Matches
179,174,Erik Duenas,us USA,"MF,FW",Houston Dynamo,20-187,2004,0.8,3,3.75,3,0,0,0,0,0,1,1.25,1,0,0,0,0,0,Matches
180,175,Morris Duggan,de GER,DF,Minnesota Utd,24-181,2000,6.3,6,0.96,6,0,0,0,0,0,1,0.16,1,0,0,0,0,0,Matches
181,Rk,Player,Nation,Pos,Squad,Age,Born,90s,SCA,SCA90,PassLive,PassDead,TO,Sh,Fld,Def,GCA,GCA90,PassLive,PassDead,TO,Sh,Fld,Def,Matches
182,176,Bryce Duke,us USA,"MF,FW",CF Montréal,24-054,2001,4.7,18,3.82,10,2,1,3,2,0,0,0.00,0,0,0,0,0,0,Matches
183,177,Chris Durkin,us USA,"MF,FW",St. Louis,25-074,2000,3.8,3,0.80,3,0,0,0,0,0,0,0.00,0,0,0,0,0,0,Matches
184,178,Jeremy Ebobisse,us USA,FW,LAFC,28-068,1997,2.6,4,1.57,2,0,1,1,0,0,0,0.00,0,0,0,0,0,0,Matches
185,179,Daniel Edelman,us USA,MF,NY Red Bulls,21-360,2003,6.9,10,1.45,8,0,0,0,2,0,1,0.14,1,0,0,0,0,0,Matches
186,180,Earl Edwards Jr.,us USA,GK,SJ Earthquakes,33-089,1992,1.8,0,0.00,0,0,0,0,0,0,0,0.00,0,0,0,0,0,0,Matches
187,181,Matthew Edwards,us USA,DF,Atlanta Utd,22-065,2003,4.6,12,2.61,12,0,0,0,0,0,1,0.22,1,0,0,0,0,0,Matches
188,182,Michael Edwards,us USA,DF,Colorado Rapids,24-147,2000,0.3,0,0.00,0,0,0,0,0,0,0,0.00,0,0,0,0,0,0,Matches
189,183,Raheem Edwards,ca CAN,DF,NY Red Bulls,29-282,1995,3.7,8,2.14,6,1,0,0,1,0,2,0.54,1,0,0,0,1,0,Matches
190,184,Noah Eile,se SWE,DF,NY Red Bulls,22-278,2002,8.5,12,1.41,12,0,0,0,0,0,1,0.12,1,0,0,0,0,0,Matches
191,185,Jack Elliott,eng ENG,DF,Chicago Fire,29-241,1995,8.0,5,0.62,3,0,0,2,0,0,2,0.25,0,0,0,2,0,0,Matches
192,186,Emeka Eneli,us USA,MF,Real Salt Lake,25-187,1999,7.5,22,2.93,15,1,3,1,2,0,1,0.13,1,0,0,0,0,0,Matches
193,187,Lukas Engel,dk DEN,DF,FC Cincinnati,26-130,1998,8.3,17,2.04,15,0,1,1,0,0,2,0.24,2,0,0,0,0,0,Matches
194,188,Boris Enow,cm CMR,MF,D.C. United,25-024,2000,4.3,11,2.53,9,0,1,0,0,1,1,0.23,0,0,0,0,0,1,Matches
195,189,Ramiro Enrique,ar ARG,"FW,MF",Orlando City,23-354,2001,2.2,2,0.91,2,0,0,0,0,0,1,0.46,1,0,0,0,0,0,Matches
196,190,Franco Escobar,ar ARG,DF,Houston Dynamo,30-061,1995,6.9,8,1.17,5,2,0,0,1,0,1,0.15,1,0,0,0,0,0,Matches
197,191,Cristian Espinoza,ar ARG,"DF,FW",SJ Earthquakes,30-020,1995,9.0,68,7.56,46,18,2,1,1,0,9,1.00,5,3,0,0,1,0,Matches
198,192,Derrick Etienne,ht HAI,FW,Toronto FC,28-149,1996,3.1,3,0.97,3,0,0,0,0,0,1,0.32,1,0,0,0,0,0,Matches
199,193,Evander,br BRA,"MF,FW",FC Cincinnati,26-318,1998,6.0,32,5.33,19,4,3,1,5,0,4,0.67,1,0,1,0,2,0,Matches
200,194,Diego Fagúndez,uy URU,"FW,MF",LA Galaxy,30-068,1995,8.3,31,3.75,21,8,1,0,1,0,0,0.00,0,0,0,0,0,0,Matches
201,195,Maximiliano Falcón,uy URU,DF,Inter Miami,27-357,1997,3.2,0,0.00,0,0,0,0,0,0,0,0.00,0,0,0,0,0,0,Matches
202,196,Marco Farfan,us USA,DF,FC Dallas,26-162,1998,5.2,7,1.35,5,1,0,0,1,0,0,0.00,0,0,0,0,0,0,Matches
203,197,Logan Farrington,us USA,FW,FC Dallas,23-130,2001,4.1,7,1.72,6,0,0,0,1,0,0,0.00,0,0,0,0,0,0,Matches
204,198,Mohamed Farsi,dz ALG,"DF,MF",Columbus Crew,25-128,1999,6.9,19,2.75,17,1,0,1,0,0,2,0.29,2,0,0,0,0,0,Matches
205,199,Ilay Feingold,il ISR,"DF,FW",NE Revolution,20-243,2004,7.1,8,1.12,7,0,0,0,1,0,0,0.00,0,0,0,0,0,0,Matches
206,200,Joaquín Fernández,es ESP,DF,Sporting KC,28-327,1996,6.2,3,0.49,3,0,0,0,0,0,2,0.32,2,0,0,0,0,0,Matches
207,Rk,Player,Nation,Pos,Squad,Age,Born,90s,SCA,SCA90,PassLive,PassDead,TO,Sh,Fld,Def,GCA,GCA90,PassLive,PassDead,TO,Sh,Fld,Def,Matches
208,201,Julián Fernández,ar ARG,"FW,MF",NYCFC,21-110,2004,4.4,13,2.96,12,0,0,1,0,0,2,0.46,2,0,0,0,0,0,Matches
209,202,Omir Fernandez,us USA,"MF,FW",Colorado Rapids,26-074,1999,2.0,13,6.43,11,0,1,1,0,0,2,0.99,2,0,0,0,0,0,Matches
210,203,Jesús Ferreira,us USA,"FW,MF",Seattle Sounders,24-120,2000,6.5,20,3.07,18,0,0,2,0,0,3,0.46,2,0,0,1,0,0,Matches
211,204,Nicolas Fleuriau,ca CAN,"DF,FW",Vancouver W'caps,22-337,2002,0.1,3,33.75,0,0,1,0,1,1,0,0.00,0,0,0,0,0,0,Matches
212,205,Deybi Flores,hn HON,MF,Toronto FC,28-311,1996,6.0,6,1.00,6,0,0,0,0,0,1,0.17,1,0,0,0,0,0,Matches
213,206,Gilberto Flores,py PAR,DF,FC Cincinnati,22-022,2003,6.4,6,0.94,4,0,0,0,1,1,0,0.00,0,0,0,0,0,0,Matches
214,207,Max Floriani,us USA,DF,SJ Earthquakes,22-076,2003,0.0,0,0.00,0,0,0,0,0,0,0,0.00,0,0,0,0,0,0,Matches
215,208,CJ Fodrey,us USA,"MF,FW",Austin,21-072,2004,0.3,4,13.33,3,0,1,0,0,0,1,3.33,1,0,0,0,0,0,Matches
216,209,Mamadou Fofana,ml MLI,DF,NE Revolution,27-092,1998,7.9,3,0.38,3,0,0,0,0,0,0,0.00,0,0,0,0,0,0,Matches
217,210,Emil Forsberg,se SWE,"MF,FW",NY Red Bulls,33-182,1991,8.9,33,3.70,21,8,0,1,3,0,4,0.45,3,0,0,1,0,0,Matches
218,211,Ajani Fortune,tt TRI,MF,Atlanta Utd,22-114,2002,2.9,12,4.19,9,1,0,1,1,0,0,0.00,0,0,0,0,0,0,Matches
219,212,Jimer Fory,co COL,"DF,MF",Portland Timbers,22-334,2002,7.6,8,1.05,6,2,0,0,0,0,2,0.26,1,1,0,0,0,0,Matches
220,213,Kobe Franklin,ca CAN,DF,Toronto FC,21-348,2003,0.4,1,2.81,0,1,0,0,0,0,0,0.00,0,0,0,0,0,0,Matches
221,214,Ian Fray,us USA,DF,Inter Miami,22-235,2002,3.7,0,0.00,0,0,0,0,0,0,0,0.00,0,0,0,0,0,0,Matches
222,215,Wayne Frederick,tt TRI,MF,Colorado Rapids,20-314,2004,1.2,0,0.00,0,0,0,0,0,0,0,0.00,0,0,0,0,0,0,Matches
223,216,Alexander Freeman,us USA,DF,Orlando City,20-257,2004,8.4,25,2.98,22,0,1,2,0,0,1,0.12,1,0,0,0,0,0,Matches
224,217,Matt Freese,us USA,GK,NYCFC,26-233,1998,9.0,2,0.22,2,0,0,0,0,0,0,0.00,0,0,0,0,0,0,Matches
225,218,Stefan Frei,ch SUI,GK,Seattle Sounders,39-003,1986,8.0,1,0.12,0,1,0,0,0,0,0,0.00,0,0,0,0,0,0,Matches
226,219,Julian Gaines,us USA,FW,Nashville SC,22-169,2002,0.1,0,0.00,0,0,0,0,0,0,0,0.00,0,0,0,0,0,0,Matches
227,220,Jon Gallagher,ie IRL,DF,Austin,29-059,1996,6.7,10,1.50,9,1,0,0,0,0,0,0.00,0,0,0,0,0,0,Matches
228,221,Pedro Gallese,pe PER,GK,Orlando City,35-059,1990,8.0,0,0.00,0,0,0,0,0,0,0,0.00,0,0,0,0,0,0,Matches
229,222,Ignatius Ganago,cm CMR,"FW,MF",NE Revolution,26-066,1999,7.8,11,1.42,9,0,0,0,1,1,2,0.26,1,0,0,0,1,0,Matches
230,223,Carlos Garcés,co COL,DF,LA Galaxy,23-194,2001,5.6,4,0.71,4,0,0,0,0,0,0,0.00,0,0,0,0,0,0,Matches
231,224,Manu García,es ESP,MF,Sporting KC,27-111,1998,8.5,37,4.37,21,4,4,2,4,2,8,0.94,4,0,0,2,1,1,Matches
232,225,Ryan Gauld,sct SCO,FW,Vancouver W'caps,29-128,1995,2.2,10,4.55,6,3,0,1,0,0,1,0.45,1,0,0,0,0,0,Matches
233,Rk,Player,Nation,Pos,Squad,Age,Born,90s,SCA,SCA90,PassLive,PassDead,TO,Sh,Fld,Def,GCA,GCA90,PassLive,PassDead,TO,Sh,Fld,Def,Matches
234,226,Dániel Gazdag,hu HUN,"MF,FW",Philadelphia Union,29-052,1996,5.5,22,4.01,19,0,0,0,2,1,3,0.55,3,0,0,0,0,0,Matches
235,227,Dániel Gazdag,hu HUN,"FW,MF",Columbus Crew,29-052,1996,1.5,5,3.33,5,0,0,0,0,0,1,0.67,1,0,0,0,0,0,Matches
236,228,Owen Géne,fr FRA,"MF,FW",Minnesota Utd,22-035,2003,1.1,1,0.88,1,0,0,0,0,0,0,0.00,0,0,0,0,0,0,Matches
237,229,Joran Gerbet,fr FRA,MF,Orlando City,23-297,2001,4.3,6,1.38,5,0,0,0,1,0,0,0.00,0,0,0,0,0,0,Matches
238,230,Carles Gil,es ESP,"MF,FW",NE Revolution,32-152,1992,8.0,42,5.25,24,10,3,1,4,0,3,0.37,1,0,0,0,2,0,Matches
239,231,Blake Gillingham,us USA,GK,Houston Dynamo,22-194,2002,3.3,1,0.31,1,0,0,0,0,0,0,0.00,0,0,0,0,0,0,Matches
240,232,Olivier Giroud,fr FRA,FW,LAFC,38-205,1986,3.9,8,2.07,5,0,0,1,2,0,3,0.78,1,0,0,1,1,0,Matches
241,233,Dennis Gjengaar,no NOR,"DF,MF",NY Red Bulls,21-058,2004,2.8,3,1.07,2,0,0,0,0,1,0,0.00,0,0,0,0,0,0,Matches
242,234,Justen Glad,us USA,DF,Real Salt Lake,28-054,1997,9.0,10,1.11,8,0,0,1,1,0,0,0.00,0,0,0,0,0,0,Matches
243,235,Omari Glasgow,gy GUY,"DF,FW",Chicago Fire,21-152,2003,4.0,8,2.01,7,0,0,1,0,0,0,0.00,0,0,0,0,0,0,Matches
244,236,Ian Glavinovich,ar ARG,DF,Philadelphia Union,23-178,2001,2.9,1,0.35,1,0,0,0,0,0,0,0.00,0,0,0,0,0,0,Matches
245,237,Jakob Glesnes,no NOR,DF,Philadelphia Union,31-029,1994,9.0,6,0.67,5,0,0,1,0,0,0,0.00,0,0,0,0,0,0,Matches
246,238,Aníbal Godoy,pa PAN,MF,San Diego FC,35-072,1990,6.2,12,1.93,11,0,0,0,1,0,3,0.48,2,0,0,0,1,0,Matches
247,239,Yeimar Gómez Andrade,co COL,DF,Seattle Sounders,32-297,1992,8.0,2,0.25,2,0,0,0,0,0,0,0.00,0,0,0,0,0,0,Matches
248,240,Nicksoen Gomis,fr FRA,DF,Toronto FC,23-039,2002,4.6,2,0.43,2,0,0,0,0,0,0,0.00,0,0,0,0,0,0,Matches
249,241,Diogo Gonçalves,pt POR,"FW,MF",Real Salt Lake,28-076,1997,7.3,27,3.68,17,4,1,4,1,0,4,0.54,3,0,0,1,0,0,Matches
250,242,Omar Gonzalez,us USA,"DF,MF",Chicago Fire,36-194,1988,0.7,0,0.00,0,0,0,0,0,0,0,0.00,0,0,0,0,0,0,Matches
251,243,Zavier Gozo,us USA,"FW,DF",Real Salt Lake,18-032,2007,0.9,4,4.56,4,0,0,0,0,0,0,0.00,0,0,0,0,0,0,Matches
252,244,Tayvon Gray,jm JAM,DF,NYCFC,22-247,2002,0.4,2,5.00,2,0,0,0,0,0,0,0.00,0,0,0,0,0,0,Matches
253,245,Yuri Guboglo,ht HAI,"DF,MF",CF Montréal,18-034,2007,4.5,7,1.55,6,0,1,0,0,0,0,0.00,0,0,0,0,0,0,Matches
254,246,Colin Guske,us USA,MF,Orlando City,18-084,2007,0.0,0,0.00,0,0,0,0,0,0,0,0.00,0,0,0,0,0,0,Matches
255,247,Brian Gutiérrez,us USA,MF,Chicago Fire,21-310,2003,4.7,22,4.66,15,0,2,3,0,2,2,0.42,1,0,0,1,0,0,Matches
256,248,Andrew Gutman,us USA,DF,Chicago Fire,28-203,1996,8.4,19,2.26,16,1,0,1,1,0,4,0.47,3,0,0,0,1,0,Matches
257,249,Brad Guzan,us USA,GK,Atlanta Utd,40-226,1984,9.0,2,0.22,2,0,0,0,0,0,0,0.00,0,0,0,0,0,0,Matches
258,250,Justin Haak,us USA,"DF,MF",NYCFC,23-223,2001,8.7,5,0.57,5,0,0,0,0,0,1,0.11,1,0,0,0,0,0,Matches
259,Rk,Player,Nation,Pos,Squad,Age,Born,90s,SCA,SCA90,PassLive,PassDead,TO,Sh,Fld,Def,GCA,GCA90,PassLive,PassDead,TO,Sh,Fld,Def,Matches
260,251,Taha Habroune,us USA,MF,Columbus Crew,19-077,2006,0.4,1,2.65,1,0,0,0,0,0,0,0.00,0,0,0,0,0,0,Matches
261,252,Alexander Hack,de GER,DF,NY Red Bulls,31-227,1993,5.4,9,1.68,8,0,0,1,0,0,0,0.00,0,0,0,0,0,0,Matches
262,253,Teenage Hadebe,zw ZIM,DF,FC Cincinnati,29-218,1995,3.3,1,0.30,1,0,0,0,0,0,0,0.00,0,0,0,0,0,0,Matches
263,254,Nick Hagglund,us USA,DF,FC Cincinnati,32-221,1992,4.0,3,0.75,3,0,0,0,0,0,1,0.25,1,0,0,0,0,0,Matches
264,255,Maren Haile-Selassie,ch SUI,"FW,MF",Chicago Fire,26-041,1999,1.3,5,3.85,5,0,0,0,0,0,1,0.77,1,0,0,0,0,0,Matches
265,256,Belal Halbouni,sy SYR,DF,Vancouver W'caps,25-115,1999,0.1,1,18.00,1,0,0,0,0,0,0,0.00,0,0,0,0,0,0,Matches
266,257,Julian Hall,us USA,"FW,MF",NY Red Bulls,17-030,2008,1.6,3,1.85,1,0,0,1,0,1,0,0.00,0,0,0,0,0,0,Matches
267,258,Bret Halsey,us USA,DF,FC Cincinnati,24-326,2000,0.4,1,2.73,1,0,0,0,0,0,0,0.00,0,0,0,0,0,0,Matches
268,259,Ian Harkes,us USA,MF,SJ Earthquakes,30-024,1995,7.6,22,2.91,21,0,0,1,0,0,3,0.40,3,0,0,0,0,0,Matches
269,260,Cameron Harper,us USA,"DF,FW",NY Red Bulls,23-155,2001,2.6,6,2.27,3,0,2,0,1,0,0,0.00,0,0,0,0,0,0,Matches
270,261,Nathan Harriel,us USA,"DF,MF",Philadelphia Union,24-000,2001,5.3,6,1.13,5,1,0,0,0,0,0,0.00,0,0,0,0,0,0,Matches
271,262,Alex Harris,us USA,MF,Colorado Rapids,20-066,2005,0.0,0,0.00,0,0,0,0,0,0,0,0.00,0,0,0,0,0,0,Matches
272,263,Calvin Harris,eng ENG,"FW,MF",Colorado Rapids,25-034,2000,1.6,3,1.89,2,0,0,1,0,0,0,0.00,0,0,0,0,0,0,Matches
273,264,Marcel Hartel,de GER,"MF,FW",St. Louis,29-094,1996,8.9,37,4.16,21,11,0,4,1,0,1,0.11,1,0,0,0,0,0,Matches
274,265,Carlos Harvey,pa PAN,DF,Minnesota Utd,25-079,2000,3.8,3,0.79,2,0,0,0,1,0,0,0.00,0,0,0,0,0,0,Matches
275,266,Thomas Hasal,ca CAN,GK,LAFC,25-288,1999,1.0,0,0.00,0,0,0,0,0,0,0,0.00,0,0,0,0,0,0,Matches
276,267,Kobi Henry,us USA,"DF,FW",Real Salt Lake,20-362,2004,0.5,0,0.00,0,0,0,0,0,0,0,0.00,0,0,0,0,0,0,Matches
277,268,Fabian Herbers,de GER,"MF,FW",CF Montréal,31-249,1993,2.2,6,2.67,5,0,0,0,0,1,0,0.00,0,0,0,0,0,0,Matches
278,269,Ronald Hernández,ve VEN,"DF,FW",Atlanta Utd,27-214,1997,1.5,3,2.00,3,0,0,0,0,0,1,0.67,1,0,0,0,0,0,Matches
279,270,Aaron Herrera,gt GUA,"DF,MF",D.C. United,27-321,1997,7.7,23,2.97,14,8,0,1,0,0,2,0.26,2,0,0,0,0,0,Matches
280,271,Marcelo Herrera,ar ARG,DF,Columbus Crew,26-171,1998,3.4,10,2.96,8,0,2,0,0,0,1,0.30,1,0,0,0,0,0,Matches
281,272,Kyle Hiebert,ca CAN,DF,St. Louis,27-267,1997,8.7,7,0.80,6,1,0,0,0,0,1,0.11,1,0,0,0,0,0,Matches
282,273,Brendan Hines-Ike,us USA,DF,Austin,30-144,1994,9.0,2,0.22,2,0,0,0,0,0,0,0.00,0,0,0,0,0,0,Matches
283,274,Bongokuhle Hlongwane,za RSA,DF,Minnesota Utd,24-307,2000,8.5,28,3.28,22,0,3,1,2,0,4,0.47,3,0,0,0,1,0,Matches
284,275,Ryan Hollingshead,us USA,"DF,MF",LAFC,34-007,1991,6.0,17,2.83,13,0,0,1,1,2,1,0.17,0,0,0,1,0,0,Matches
285,Rk,Player,Nation,Pos,Squad,Age,Born,90s,SCA,SCA90,PassLive,PassDead,TO,Sh,Fld,Def,GCA,GCA90,PassLive,PassDead,TO,Sh,Fld,Def,Matches
286,276,Jannes Horn,de GER,DF,St. Louis,28-076,1997,5.4,7,1.29,5,0,0,1,1,0,0,0.00,0,0,0,0,0,0,Matches
287,277,Keegan Hughes,us USA,FW,NE Revolution,24-275,2000,0.0,0,0.00,0,0,0,0,0,0,0,0.00,0,0,0,0,0,0,Matches
288,278,Sebastien Ibeagha,us USA,DF,FC Dallas,33-092,1992,8.5,2,0.24,2,0,0,0,0,0,0,0.00,0,0,0,0,0,0,Matches
289,279,Aliyu Ibrahim,ng NGA,"MF,FW",Houston Dynamo,23-097,2002,2.0,3,1.53,3,0,0,0,0,0,0,0.00,0,0,0,0,0,0,Matches
290,280,Sunusi Ibrahim,ng NGA,"FW,DF",CF Montréal,22-204,2002,0.6,2,3.40,1,0,1,0,0,0,0,0.00,0,0,0,0,0,0,Matches
291,281,Igor,br BRA,MF,LAFC,22-047,2003,6.7,7,1.04,7,0,0,0,0,0,1,0.15,1,0,0,0,0,0,Matches
292,282,Mitja Ilenič,si SVN,DF,NYCFC,20-118,2004,8.2,13,1.58,10,0,0,2,1,0,1,0.12,1,0,0,0,0,0,Matches
293,283,Milan Iloski,us USA,"MF,FW",San Diego FC,25-268,1999,0.5,3,6.00,3,0,0,0,0,0,1,2.00,1,0,0,0,0,0,Matches
294,284,Bjørn Inge Utvik,no NOR,DF,Vancouver W'caps,29-054,1996,1.0,0,0.00,0,0,0,0,0,0,0,0.00,0,0,0,0,0,0,Matches
295,285,Marcus Ingvartsen,dk DEN,FW,San Diego FC,29-109,1996,3.5,7,2.00,5,0,0,0,2,0,1,0.29,1,0,0,0,0,0,Matches
296,286,Lorenzo Insigne,it ITA,"MF,FW",Toronto FC,33-323,1991,4.5,13,2.88,8,2,0,2,1,0,2,0.44,2,0,0,0,0,0,Matches
297,287,Aljaž Ivačič,si SVN,GK,NE Revolution,31-115,1993,8.0,0,0.00,0,0,0,0,0,0,0,0.00,0,0,0,0,0,0,Matches
298,288,Ousman jabang,us USA,DF,CF Montréal,24-025,2001,1.0,1,1.02,1,0,0,0,0,0,0,0.00,0,0,0,0,0,0,Matches
299,289,Aziel Jackson,us USA,"MF,FW",Columbus Crew,23-181,2001,3.4,10,2.98,7,0,1,0,2,0,0,0.00,0,0,0,0,0,0,Matches
300,290,Robin Jansson,se SWE,DF,Orlando City,33-159,1991,7.0,3,0.43,3,0,0,0,0,0,0,0.00,0,0,0,0,0,0,Matches
301,291,Danley Jean-Jacques,ht HAI,MF,Philadelphia Union,24-338,2000,7.4,17,2.31,14,0,0,1,1,1,2,0.27,2,0,0,0,0,0,Matches
302,292,Julio Joao Ortíz,ec ECU,MF,Portland Timbers,28-357,1996,3.0,1,0.33,1,0,0,0,0,0,0,0.00,0,0,0,0,0,0,Matches
303,293,Sean Johnson,us USA,GK,Toronto FC,35-327,1989,9.0,0,0.00,0,0,0,0,0,0,0,0.00,0,0,0,0,0,0,Matches
304,294,Tate Johnson,us USA,DF,Vancouver W'caps,19-287,2005,5.1,10,1.95,9,0,0,0,0,1,1,0.19,1,0,0,0,0,0,Matches
305,295,DeJuan Jones,us USA,DF,Columbus Crew,27-303,1997,2.7,8,2.94,7,0,1,0,0,0,2,0.73,2,0,0,0,0,0,Matches
306,296,Derrick Jones,us USA,MF,Columbus Crew,28-051,1997,0.0,0,0.00,0,0,0,0,0,0,0,0.00,0,0,0,0,0,0,Matches
307,297,Kim Joonhong,kr KOR,GK,D.C. United,21-324,2003,7.0,2,0.29,2,0,0,0,0,0,0,0.00,0,0,0,0,0,0,Matches
308,298,Dejan Joveljić,rs SRB,FW,Sporting KC,25-259,1999,8.1,16,1.98,13,0,1,1,1,0,1,0.12,1,0,0,0,0,0,Matches
309,299,Mykhi Joyner,us USA,"FW,DF",St. Louis,18-236,2006,0.2,1,4.09,1,0,0,0,0,0,0,0.00,0,0,0,0,0,0,Matches
310,300,Preston Judd,us USA,"FW,MF",SJ Earthquakes,25-330,1999,2.0,5,2.46,3,0,0,1,1,0,1,0.49,0,0,0,0,1,0,Matches
311,Rk,Player,Nation,Pos,Squad,Age,Born,90s,SCA,SCA90,PassLive,PassDead,TO,Sh,Fld,Def,GCA,GCA90,PassLive,PassDead,TO,Sh,Fld,Def,Matches
312,301,Anderson Julio,ec ECU,FW,FC Dallas,28-327,1996,5.0,7,1.40,5,0,2,0,0,0,2,0.40,1,0,1,0,0,0,Matches
313,302,Sam Junqua,us USA,DF,Real Salt Lake,28-165,1996,4.0,9,2.24,6,1,0,0,2,0,0,0.00,0,0,0,0,0,0,Matches
314,303,Mathias Jørgensen,dk DEN,DF,LA Galaxy,35-000,1990,5.5,4,0.73,3,0,0,1,0,0,2,0.37,1,0,0,1,0,0,Matches
315,304,Kristijan Kahlina,hr CRO,GK,Charlotte,32-273,1992,9.0,2,0.22,0,2,0,0,0,0,0,0.00,0,0,0,0,0,0,Matches
316,305,Kaick,br BRA,MF,FC Dallas,19-145,2005,2.2,6,2.76,6,0,0,0,0,0,0,0.00,0,0,0,0,0,0,Matches
317,306,Bernard Kamungo,us USA,FW,FC Dallas,23-112,2002,1.8,3,1.64,3,0,0,0,0,0,0,0.00,0,0,0,0,0,0,Matches
318,307,Alexandros Katranis,gr GRE,DF,Real Salt Lake,26-354,1998,5.2,26,5.03,15,8,2,1,0,0,2,0.39,2,0,0,0,0,0,Matches
319,308,Mark-Anthony Kaye,ca CAN,MF,SJ Earthquakes,30-142,1994,3.0,16,5.35,15,0,0,0,0,1,2,0.67,2,0,0,0,0,0,Matches
320,309,Kim Kee-hee,kr KOR,DF,Seattle Sounders,35-284,1989,1.5,1,0.67,0,0,0,1,0,0,0,0.00,0,0,0,0,0,0,Matches
321,310,Kevin Kelsy,ve VEN,FW,Portland Timbers,20-270,2004,3.9,4,1.03,2,0,0,1,1,0,1,0.26,0,0,0,1,0,0,Matches
322,311,Ryan Kent,eng ENG,DF,Seattle Sounders,28-163,1996,0.1,1,12.86,1,0,0,0,0,0,0,0.00,0,0,0,0,0,0,Matches
323,312,Deandre Kerr,ca CAN,FW,Toronto FC,22-155,2002,2.5,4,1.61,1,0,1,0,2,0,0,0.00,0,0,0,0,0,0,Matches
324,313,Henry Kessler,us USA,DF,St. Louis,26-302,1998,8.0,4,0.50,3,0,0,1,0,0,0,0.00,0,0,0,0,0,0,Matches
325,314,Hosei Kijima,jp JPN,"MF,FW",D.C. United,22-296,2002,7.3,20,2.72,18,0,1,0,1,0,0,0.00,0,0,0,0,0,0,Matches
326,315,Klauss,br BRA,FW,St. Louis,28-053,1997,5.5,10,1.82,6,0,0,3,1,0,1,0.18,0,0,0,1,0,0,Matches
327,316,Mateusz Klich,pl POL,MF,Atlanta Utd,34-314,1990,2.6,4,1.51,3,1,0,0,0,0,0,0.00,0,0,0,0,0,0,Matches
328,317,Žan Kolmanič,si SVN,"DF,MF",Austin,25-051,2000,1.7,4,2.40,3,1,0,0,0,0,0,0.00,0,0,0,0,0,0,Matches
329,318,Rominigue Kouamé,ml MLI,"MF,FW",Chicago Fire,28-127,1996,1.2,0,0.00,0,0,0,0,0,0,0,0.00,0,0,0,0,0,0,Matches
330,319,Sebastian Kowalczyk,pl POL,"FW,MF",Houston Dynamo,26-244,1998,8.4,22,2.62,15,2,0,1,4,0,3,0.36,2,0,0,0,1,0,Matches
331,320,Damir Kreilach,hr CRO,FW,Vancouver W'caps,36-007,1989,0.0,0,0.00,0,0,0,0,0,0,0,0.00,0,0,0,0,0,0,Matches
332,321,Theodore Ku-Dipietro,us USA,FW,Colorado Rapids,23-085,2002,0.1,0,0.00,0,0,0,0,0,0,0,0.00,0,0,0,0,0,0,Matches
333,322,Yuya Kubo,jp JPN,"MF,FW",FC Cincinnati,31-120,1993,4.1,9,2.19,8,1,0,0,0,0,0,0.00,0,0,0,0,0,0,Matches
334,323,Willy Kumado,gh GHA,DF,San Diego FC,22-189,2002,3.2,4,1.25,3,0,1,0,0,0,1,0.31,0,0,1,0,0,0,Matches
335,324,Luca de la Torre,us USA,MF,San Diego FC,26-335,1998,7.3,19,2.60,12,6,0,1,0,0,2,0.27,0,2,0,0,0,0,Matches
336,325,Mathías Laborda,uy URU,DF,Vancouver W'caps,25-220,1999,5.9,9,1.53,8,0,0,1,0,0,1,0.17,1,0,0,0,0,0,Matches
337,Rk,Player,Nation,Pos,Squad,Age,Born,90s,SCA,SCA90,PassLive,PassDead,TO,Sh,Fld,Def,GCA,GCA90,PassLive,PassDead,TO,Sh,Fld,Def,Matches
338,326,Luca Langoni,ar ARG,"FW,MF",NE Revolution,23-073,2002,4.4,8,1.82,6,0,0,1,1,0,0,0.00,0,0,0,0,0,0,Matches
339,327,Oliver Larraz,us USA,"MF,FW",Colorado Rapids,23-219,2001,7.8,16,2.05,14,0,2,0,0,0,3,0.38,3,0,0,0,0,0,Matches
340,328,Richie Laryea,ca CAN,DF,Toronto FC,30-106,1995,1.2,2,1.62,1,0,0,0,1,0,1,0.81,0,0,0,0,1,0,Matches
341,329,Ariel Lassiter,cr CRC,"FW,MF",Portland Timbers,30-208,1994,2.0,4,2.03,3,1,0,0,0,0,0,0.00,0,0,0,0,0,0,Matches
342,330,Emmanuel Latte Lath,ci CIV,FW,Atlanta Utd,26-112,1999,8.5,16,1.88,10,0,0,4,2,0,3,0.35,1,0,0,0,2,0,Matches
343,331,Randall Leal,cr CRC,MF,D.C. United,28-099,1997,0.5,1,2.09,0,0,0,0,0,1,0,0.00,0,0,0,0,0,0,Matches
344,332,Tim Leibold,de GER,DF,Sporting KC,31-144,1993,1.3,3,2.39,2,0,0,1,0,0,1,0.80,1,0,0,0,0,0,Matches
345,333,Brooks Lennon,us USA,DF,Atlanta Utd,27-213,1997,5.9,15,2.54,12,3,0,0,0,0,1,0.17,1,0,0,0,0,0,Matches
346,334,Tucker Lepley,us USA,MF,LA Galaxy,23-096,2002,3.8,10,2.67,9,0,0,0,1,0,0,0.00,0,0,0,0,0,0,Matches
347,335,Beau Leroux,us USA,MF,SJ Earthquakes,21-235,2003,6.9,26,3.76,21,0,0,1,2,2,5,0.72,2,0,0,1,1,1,Matches
348,336,Danny Leyva,us USA,"MF,FW",Seattle Sounders,21-353,2003,2.9,13,4.53,5,4,1,1,2,0,0,0.00,0,0,0,0,0,0,Matches
349,337,Nick Lima,us USA,DF,SJ Earthquakes,30-157,1994,1.9,11,5.66,8,2,0,1,0,0,0,0.00,0,0,0,0,0,0,Matches
350,338,Ondřej Lingr,cz CZE,FW,Houston Dynamo,26-198,1998,0.2,1,5.63,1,0,0,0,0,0,0,0.00,0,0,0,0,0,0,Matches
351,339,Sebastian Lletget,us USA,MF,FC Dallas,32-232,1992,6.2,14,2.27,12,0,0,2,0,0,1,0.16,1,0,0,0,0,0,Matches
352,340,Hugo Lloris,fr FRA,GK,LAFC,38-118,1986,8.0,2,0.25,2,0,0,0,0,0,0,0.00,0,0,0,0,0,0,Matches
353,341,Saba Lobzhanidze,ge GEO,FW,Atlanta Utd,30-126,1994,7.1,22,3.11,14,5,2,1,0,0,3,0.42,2,1,0,0,0,0,Matches
354,342,Robin Lod,fi FIN,"MF,FW",Minnesota Utd,32-006,1993,6.7,21,3.13,17,0,2,1,1,0,2,0.30,2,0,0,0,0,0,Matches
355,343,Nicolás Lodeiro,uy URU,"FW,MF",Houston Dynamo,36-033,1989,4.1,12,2.95,8,0,0,0,4,0,1,0.25,0,0,0,0,1,0,Matches
356,344,Jasper Löffelsend,de GER,DF,San Diego FC,27-225,1997,6.2,14,2.27,12,0,0,1,1,0,1,0.16,1,0,0,0,0,0,Matches
357,345,Aaron Long,us USA,DF,LAFC,32-193,1992,6.5,4,0.62,4,0,0,0,0,0,0,0.00,0,0,0,0,0,0,Matches
358,346,Kevin Long,ie IRL,DF,Toronto FC,34-248,1990,6.5,2,0.31,2,0,0,0,0,0,1,0.15,1,0,0,0,0,0,Matches
359,347,Matthew Longstaff,eng ENG,"MF,DF",Toronto FC,25-033,2000,3.2,3,0.93,2,1,0,0,0,0,0,0.00,0,0,0,0,0,0,Matches
360,348,Hernán López Muñoz,ar ARG,MF,SJ Earthquakes,24-228,2000,1.3,3,2.29,3,0,0,0,0,0,1,0.76,1,0,0,0,0,0,Matches
361,349,Victor Loturi,ca CAN,MF,CF Montréal,23-337,2001,5.6,11,1.96,11,0,0,0,0,0,0,0.00,0,0,0,0,0,0,Matches
362,350,Daniel Lovitz,us USA,DF,Nashville SC,33-239,1991,9.0,16,1.78,13,2,0,1,0,0,4,0.45,3,1,0,0,0,0,Matches
363,Rk,Player,Nation,Pos,Squad,Age,Born,90s,SCA,SCA90,PassLive,PassDead,TO,Sh,Fld,Def,GCA,GCA90,PassLive,PassDead,TO,Sh,Fld,Def,Matches
364,351,Eduard Löwen,de GER,MF,St. Louis,28-085,1997,3.8,12,3.14,10,2,0,0,0,0,1,0.26,1,0,0,0,0,0,Matches
365,352,Hirving Lozano,mx MEX,FW,San Diego FC,29-267,1995,4.2,19,4.56,11,2,4,0,2,0,4,0.96,4,0,0,0,0,0,Matches
366,353,Gonzalo Luján,ar ARG,DF,Inter Miami,23-361,2001,6.4,2,0.31,2,0,0,0,0,0,0,0.00,0,0,0,0,0,0,Matches
367,354,Jovan Lukić,rs SRB,MF,Philadelphia Union,23-093,2002,8.1,22,2.72,19,0,0,3,0,0,0,0.00,0,0,0,0,0,0,Matches
368,355,Diego Luna,us USA,"MF,FW",Real Salt Lake,21-228,2003,7.3,30,4.11,25,1,0,1,2,1,2,0.27,2,0,0,0,0,0,Matches
369,356,Benjamin Lundt,de GER,GK,St. Louis,29-211,1995,6.0,0,0.00,0,0,0,0,0,0,0,0.00,0,0,0,0,0,0,Matches
370,357,Liam MacKenzie,ca CAN,FW,Vancouver W'caps,18-039,2007,0.7,1,1.45,1,0,0,0,0,0,0,0.00,0,0,0,0,0,0,Matches
371,358,Lukas MacNaughton,ca CAN,DF,D.C. United,30-046,1995,3.0,0,0.00,0,0,0,0,0,0,0,0.00,0,0,0,0,0,0,Matches
372,359,Jack Maher,us USA,DF,Nashville SC,25-177,1999,9.0,1,0.11,1,0,0,0,0,0,0,0.00,0,0,0,0,0,0,Matches
373,360,Olwethu Makhanya,za RSA,DF,Philadelphia Union,20-358,2004,5.3,3,0.57,3,0,0,0,0,0,0,0.00,0,0,0,0,0,0,Matches
374,361,Adilson Malanda,fr FRA,DF,Charlotte,23-176,2001,9.0,4,0.44,4,0,0,0,0,0,1,0.11,1,0,0,0,0,0,Matches
375,362,AJ Marcucci,us USA,GK,NY Red Bulls,25-266,1999,1.0,1,1.00,1,0,0,0,0,0,0,0.00,0,0,0,0,0,0,Matches
376,363,Dominik Marczuk,pl POL,FW,Real Salt Lake,21-173,2003,5.3,9,1.69,7,0,0,2,0,0,2,0.38,1,0,0,1,0,0,Matches
377,364,Anthony Markanich,ph PHI,DF,Minnesota Utd,25-118,1999,4.4,7,1.59,6,0,0,1,0,0,1,0.23,0,0,0,1,0,0,Matches
378,365,Idan Markovich,il ISR,FW,Charlotte,20-257,2004,2.2,10,4.66,7,0,1,1,0,1,2,0.93,1,0,1,0,0,0,Matches
379,366,Marlon,br BRA,DF,LAFC,29-228,1995,3.8,2,0.53,1,1,0,0,0,0,0,0.00,0,0,0,0,0,0,Matches
380,367,Jahkeele Marshall-Rutty,ca CAN,"MF,DF",CF Montréal,20-311,2004,2.6,1,0.39,1,0,0,0,0,0,0,0.00,0,0,0,0,0,0,Matches
381,368,Alonso Martínez,cr CRC,FW,NYCFC,26-190,1998,7.8,19,2.44,9,0,3,4,3,0,6,0.77,0,0,1,3,2,0,Matches
382,369,David Martínez,ve VEN,FW,LAFC,19-075,2006,4.4,11,2.49,4,1,4,1,0,1,3,0.68,1,0,1,0,0,1,Matches
383,370,Josef Martínez,ve VEN,FW,SJ Earthquakes,31-339,1993,6.6,17,2.57,12,0,0,4,1,0,3,0.45,2,0,0,0,1,0,Matches
384,371,Thiago Martins,br BRA,DF,NYCFC,30-037,1995,7.2,2,0.28,1,0,0,0,0,1,0,0.00,0,0,0,0,0,0,Matches
385,372,Jimmy Maurer,us USA,GK,Houston Dynamo,36-191,1988,1.3,0,0.00,0,0,0,0,0,0,0,0.00,0,0,0,0,0,0,Matches
386,373,Eric Maxim Choupo-Moting,cm CMR,FW,NY Red Bulls,36-031,1989,9.0,28,3.12,18,1,3,3,3,0,4,0.45,2,0,0,1,1,0,Matches
387,374,Andreas Maxsø,dk DEN,DF,Colorado Rapids,31-036,1994,7.0,2,0.29,1,0,0,1,0,0,0,0.00,0,0,0,0,0,0,Matches
388,375,Olivier Mbaizo,cm CMR,DF,Philadelphia Union,27-251,1997,1.0,0,0.00,0,0,0,0,0,0,0,0.00,0,0,0,0,0,0,Matches
389,Rk,Player,Nation,Pos,Squad,Age,Born,90s,SCA,SCA90,PassLive,PassDead,TO,Sh,Fld,Def,GCA,GCA90,PassLive,PassDead,TO,Sh,Fld,Def,Matches
390,376,Kenji Mboma Dem,fr FRA,DF,FC Cincinnati,23-091,2002,0.1,0,0.00,0,0,0,0,0,0,0,0.00,0,0,0,0,0,0,Matches
391,377,John McCarthy,us USA,GK,LA Galaxy,32-293,1992,6.0,0,0.00,0,0,0,0,0,0,0,0.00,0,0,0,0,0,0,Matches
392,378,Jack McGlynn,us USA,"MF,FW",Houston Dynamo,21-290,2003,7.8,38,4.85,22,13,3,0,0,0,4,0.51,2,2,0,0,0,0,Matches
393,379,Zac McGraw,ca CAN,DF,Portland Timbers,27-319,1997,2.7,2,0.74,1,0,1,0,0,0,1,0.37,1,0,0,0,0,0,Matches
394,380,Duncan McGuire,us USA,"FW,MF",Orlando City,24-077,2001,1.3,6,4.58,5,0,0,1,0,0,0,0.00,0,0,0,0,0,0,Matches
395,381,Paddy McNair,nir NIR,DF,San Diego FC,29-361,1995,7.6,10,1.32,9,0,0,1,0,0,1,0.13,0,0,0,1,0,0,Matches
396,382,Christopher McVey,se SWE,DF,San Diego FC,28-011,1997,9.0,6,0.67,6,0,0,0,0,0,0,0.00,0,0,0,0,0,0,Matches
397,383,Loïc Mesanvi,tg TOG,DF,Minnesota Utd,21-199,2003,0.1,0,0.00,0,0,0,0,0,0,0,0.00,0,0,0,0,0,0,Matches
398,384,Lionel Messi,ar ARG,"FW,MF",Inter Miami,37-303,1987,5.4,37,6.85,18,2,6,4,5,2,3,0.56,2,0,1,0,0,0,Matches
399,385,Wyatt Meyer,us USA,MF,Nashville SC,24-102,2001,1.6,1,0.61,1,0,0,0,0,0,0,0.00,0,0,0,0,0,0,Matches
400,386,Matt Miazga,us USA,DF,FC Cincinnati,29-278,1995,0.6,0,0.00,0,0,0,0,0,0,0,0.00,0,0,0,0,0,0,Matches
401,387,Novak Mićović,rs SRB,GK,LA Galaxy,23-180,2001,3.0,0,0.00,0,0,0,0,0,0,0,0.00,0,0,0,0,0,0,Matches
402,388,Alex Mighten,eng ENG,"FW,MF",San Diego FC,23-012,2002,2.3,6,2.63,3,0,1,1,1,0,0,0.00,0,0,0,0,0,0,Matches
403,389,Djordje Mihailovic,us USA,"FW,MF",Colorado Rapids,26-164,1998,8.8,43,4.87,28,9,1,1,4,0,6,0.68,6,0,0,0,0,0,Matches
404,390,Eric Miller,us USA,"DF,MF",Portland Timbers,32-098,1993,3.1,4,1.29,3,1,0,0,0,0,0,0.00,0,0,0,0,0,0,Matches
405,391,Harbor Miller,us USA,DF,LA Galaxy,17-306,2007,2.7,6,2.21,5,0,0,0,1,0,0,0.00,0,0,0,0,0,0,Matches
406,392,Jansen Miller,us USA,DF,Sporting KC,23-072,2002,5.5,4,0.73,3,0,0,0,0,1,0,0.00,0,0,0,0,0,0,Matches
407,393,Kamal Miller,ca CAN,DF,Portland Timbers,27-342,1997,6.1,2,0.33,1,0,0,1,0,0,0,0.00,0,0,0,0,0,0,Matches
408,394,Peyton Miller,us USA,"DF,FW",NE Revolution,17-343,2007,3.2,6,1.87,4,0,0,1,1,0,1,0.31,1,0,0,0,0,0,Matches
409,395,Georgi Minoungou,ci CIV,"FW,MF",Seattle Sounders,22-272,2002,3.7,20,5.47,12,0,6,1,1,0,3,0.82,2,0,1,0,0,0,Matches
410,396,Aleksei Miranchuk,ru RUS,"MF,FW",Atlanta Utd,29-188,1995,8.1,34,4.21,24,6,1,2,1,0,1,0.12,1,0,0,0,0,0,Matches
411,397,Zane Monlouis,eng ENG,DF,Toronto FC,21-189,2003,3.2,1,0.31,1,0,0,0,0,0,1,0.31,1,0,0,0,0,0,Matches
412,398,Shaq Moore,us USA,DF,FC Dallas,28-172,1996,9.0,12,1.34,8,1,0,2,0,1,2,0.22,1,0,0,1,0,0,Matches
413,399,Felipe Mora,cl CHI,FW,Portland Timbers,31-264,1993,5.5,11,2.00,9,0,0,1,1,0,2,0.36,1,0,0,0,1,0,Matches
414,400,Alfredo Morales,us USA,MF,St. Louis,34-346,1990,4.9,11,2.23,11,0,0,0,0,0,0,0.00,0,0,0,0,0,0,Matches
415,Rk,Player,Nation,Pos,Squad,Age,Born,90s,SCA,SCA90,PassLive,PassDead,TO,Sh,Fld,Def,GCA,GCA90,PassLive,PassDead,TO,Sh,Fld,Def,Matches
416,401,Santi Morales,us USA,"MF,FW",Inter Miami,18-073,2007,0.2,2,8.18,2,0,0,0,0,0,0,0.00,0,0,0,0,0,0,Matches
417,402,Maximiliano Moralez,ar ARG,MF,NYCFC,38-055,1987,8.3,39,4.69,28,6,0,3,2,0,2,0.24,0,1,0,1,0,0,Matches
418,403,Steven Moreira,cv CPV,DF,Columbus Crew,30-253,1994,5.2,11,2.11,9,0,0,1,0,1,2,0.38,2,0,0,0,0,0,Matches
419,404,Santiago Moreno,co COL,FW,Portland Timbers,25-002,2000,6.0,25,4.14,17,2,3,2,1,0,5,0.83,3,1,1,0,0,0,Matches
420,405,Lewis Morgan,sct SCO,"MF,FW",NY Red Bulls,28-205,1996,1.0,3,3.00,2,0,1,0,0,0,0,0.00,0,0,0,0,0,0,Matches
421,406,Jordan Morris,us USA,FW,Seattle Sounders,30-179,1994,2.7,7,2.58,7,0,0,0,0,0,0,0.00,0,0,0,0,0,0,Matches
422,407,Edwin Mosquera,co COL,FW,Atlanta Utd,23-300,2001,0.6,1,1.80,0,0,1,0,0,0,0,0.00,0,0,0,0,0,0,Matches
423,408,Cole Mrowka,us USA,MF,Columbus Crew,19-017,2006,0.3,1,3.60,1,0,0,0,0,0,0,0.00,0,0,0,0,0,0,Matches
424,409,Hany Mukhtar,de GER,"FW,MF",Nashville SC,30-033,1995,8.8,47,5.35,28,10,0,6,3,0,3,0.34,1,0,0,0,2,0,Matches
425,410,Daniel Munie,us USA,DF,SJ Earthquakes,25-072,2000,1.4,2,1.45,2,0,0,0,0,0,1,0.73,1,0,0,0,0,0,Matches
426,411,Luis Muriel,co COL,FW,Orlando City,34-007,1991,7.1,23,3.25,17,1,1,3,1,0,4,0.57,4,0,0,0,0,0,Matches
427,412,Ian Murphy,us USA,DF,Colorado Rapids,25-097,2000,4.8,5,1.05,4,1,0,0,0,0,1,0.21,1,0,0,0,0,0,Matches
428,413,Jacob Murrell,us USA,"FW,MF",D.C. United,21-025,2004,2.8,2,0.73,2,0,0,0,0,0,1,0.36,1,0,0,0,0,0,Matches
429,414,Petar Musa,hr CRO,FW,FC Dallas,27-050,1998,7.5,18,2.41,16,0,1,1,0,0,6,0.80,5,0,0,1,0,0,Matches
430,415,Daniel Musovski,us USA,FW,Seattle Sounders,29-144,1995,3.3,4,1.22,2,0,0,0,2,0,0,0.00,0,0,0,0,0,0,Matches
431,416,Alex Muyl,us USA,"MF,FW",Nashville SC,29-205,1995,7.7,17,2.22,12,0,1,3,0,1,0,0.00,0,0,0,0,0,0,Matches
432,417,Tristan Muyumba,,MF,Atlanta Utd,28-047,1997,4.7,13,2.79,10,0,0,2,0,1,1,0.21,1,0,0,0,0,0,Matches
433,418,Darlington Nagbe,us USA,MF,Columbus Crew,34-278,1990,7.7,8,1.04,6,0,1,0,1,0,0,0.00,0,0,0,0,0,0,Matches
434,419,Andy Najar,hn HON,DF,Nashville SC,32-038,1993,7.1,24,3.35,23,0,1,0,0,0,0,0.00,0,0,0,0,0,0,Matches
435,420,Matheus Nascimento,br BRA,FW,LA Galaxy,21-051,2004,1.0,3,3.10,3,0,0,0,0,0,0,0.00,0,0,0,0,0,0,Matches
436,421,Rafael Navarro,br BRA,FW,Colorado Rapids,25-009,2000,9.0,31,3.45,19,0,2,3,5,2,5,0.56,3,0,0,0,2,0,Matches
437,422,Logan Ndenbe,be BEL,DF,Sporting KC,25-073,2000,7.7,10,1.29,8,0,0,0,2,0,0,0.00,0,0,0,0,0,0,Matches
438,423,Jalen Neal,us USA,DF,CF Montréal,21-242,2003,0.1,1,15.00,1,0,0,0,0,0,0,0.00,0,0,0,0,0,0,Matches
439,424,Dylan Nealis,us USA,DF,NY Red Bulls,26-267,1998,6.7,13,1.93,8,0,1,0,4,0,1,0.15,0,0,0,0,1,0,Matches
440,425,Sean Nealis,us USA,DF,NY Red Bulls,28-100,1997,6.0,3,0.50,3,0,0,0,0,0,0,0.00,0,0,0,0,0,0,Matches
441,Rk,Player,Nation,Pos,Squad,Age,Born,90s,SCA,SCA90,PassLive,PassDead,TO,Sh,Fld,Def,GCA,GCA90,PassLive,PassDead,TO,Sh,Fld,Def,Matches
442,426,Franco Negri,ar ARG,DF,San Diego FC,30-062,1995,4.5,7,1.56,7,0,0,0,0,0,0,0.00,0,0,0,0,0,0,Matches
443,427,Jayden Nelson,ca CAN,FW,Vancouver W'caps,22-209,2002,3.0,17,5.67,8,0,5,1,3,0,6,2.00,5,0,1,0,0,0,Matches
444,428,John Nelson,us USA,DF,LA Galaxy,26-286,1998,4.5,6,1.33,6,0,0,0,0,0,0,0.00,0,0,0,0,0,0,Matches
445,429,Jean-Claude Ngando,cm CMR,"MF,FW",Vancouver W'caps,25-154,1999,4.7,21,4.49,16,1,1,2,0,1,2,0.43,1,0,0,0,0,1,Matches
446,430,Serge Ngoma,us USA,"FW,DF",NY Red Bulls,19-288,2005,2.8,3,1.06,3,0,0,0,0,0,0,0.00,0,0,0,0,0,0,Matches
447,431,Joakim Nilsson,se SWE,"DF,MF",St. Louis,31-076,1994,1.0,3,2.97,3,0,0,0,0,0,0,0.00,0,0,0,0,0,0,Matches
448,432,Nolan Norris,us USA,DF,FC Dallas,20-065,2005,3.6,3,0.83,3,0,0,0,0,0,0,0.00,0,0,0,0,0,0,Matches
449,433,Tsiki Ntsabeleng,za RSA,MF,FC Dallas,27-073,1998,1.9,3,1.56,3,0,0,0,0,0,0,0.00,0,0,0,0,0,0,Matches
450,434,Obinna Nwobodo,ng NGA,MF,FC Cincinnati,28-145,1996,4.6,7,1.52,5,0,1,1,0,0,0,0.00,0,0,0,0,0,0,Matches
451,435,Kevin O'Toole,us USA,DF,NYCFC,26-130,1998,7.5,11,1.46,11,0,0,0,0,0,0,0.00,0,0,0,0,0,0,Matches
452,436,Allen Obando,ec ECU,FW,Inter Miami,18-314,2006,0.2,0,0.00,0,0,0,0,0,0,0,0.00,0,0,0,0,0,0,Matches
453,437,Jáder Obrian,co COL,"MF,FW",Austin,29-340,1995,3.4,8,2.37,7,0,1,0,0,0,0,0.00,0,0,0,0,0,0,Matches
454,438,Édier Ocampo,co COL,DF,Vancouver W'caps,21-202,2003,5.6,12,2.16,8,0,1,1,2,0,1,0.18,1,0,0,0,0,0,Matches
455,439,Agustin Ojeda,ar ARG,"FW,MF",NYCFC,20-308,2004,3.9,10,2.58,6,0,1,2,0,1,0,0.00,0,0,0,0,0,0,Matches
456,440,Braian Ojeda,py PAR,MF,Real Salt Lake,24-300,2000,8.0,21,2.61,17,0,1,1,2,0,0,0.00,0,0,0,0,0,0,Matches
457,441,Martín Ojeda,ar ARG,"MF,FW",Orlando City,26-147,1998,8.1,49,6.02,34,9,2,3,0,1,5,0.61,3,1,1,0,0,0,Matches
458,442,Tani Oluwaseyi,ca CAN,FW,Minnesota Utd,24-343,2000,7.1,19,2.66,14,0,0,2,2,1,2,0.28,2,0,0,0,0,0,Matches
459,443,Wyatt Omsberg,us USA,DF,NE Revolution,29-214,1995,0.4,0,0.00,0,0,0,0,0,0,0,0.00,0,0,0,0,0,0,Matches
460,444,Kwadwo Opoku,gh GHA,"FW,MF",CF Montréal,23-284,2001,1.5,1,0.68,0,0,1,0,0,0,0,0.00,0,0,0,0,0,0,Matches
461,445,Nathan Ordaz,sv SLV,FW,LAFC,21-101,2004,5.0,12,2.39,10,0,0,1,1,0,2,0.40,1,0,0,1,0,0,Matches
462,446,Sergio Oregel,us USA,MF,Chicago Fire,19-342,2005,8.3,16,1.94,16,0,0,0,0,0,1,0.12,1,0,0,0,0,0,Matches
463,447,Luca Orellano,ar ARG,"FW,MF",FC Cincinnati,25-032,2000,6.1,22,3.62,14,2,2,3,1,0,1,0.16,1,0,0,0,0,0,Matches
464,448,Prince Osei Owusu,de GER,FW,CF Montréal,28-106,1997,8.8,15,1.71,11,0,2,1,0,1,2,0.23,1,0,1,0,0,0,Matches
465,449,Harold Osorio,sv SLV,MF,Chicago Fire,21-246,2003,0.0,0,0.00,0,0,0,0,0,0,0,0.00,0,0,0,0,0,0,Matches
466,450,Jonathan Osorio,ca CAN,MF,Toronto FC,32-315,1992,8.0,13,1.63,11,0,0,1,1,0,1,0.13,1,0,0,0,0,0,Matches
467,Rk,Player,Nation,Pos,Squad,Age,Born,90s,SCA,SCA90,PassLive,PassDead,TO,Sh,Fld,Def,GCA,GCA90,PassLive,PassDead,TO,Sh,Fld,Def,Matches
468,451,Tomáš Ostrák,cz CZE,"MF,DF",St. Louis,25-077,2000,1.3,9,6.98,9,0,0,0,0,0,0,0.00,0,0,0,0,0,0,Matches
469,452,Javier Otero,ve VEN,GK,Orlando City,22-156,2002,1.0,0,0.00,0,0,0,0,0,0,0,0.00,0,0,0,0,0,0,Matches
470,453,Devin Padelford,us USA,DF,Minnesota Utd,22-110,2003,0.0,0,0.00,0,0,0,0,0,0,0,0.00,0,0,0,0,0,0,Matches
471,454,Maarten Paes,id IDN,GK,FC Dallas,26-344,1998,8.0,1,0.12,0,1,0,0,0,0,0,0.00,0,0,0,0,0,0,Matches
472,455,Joseph Paintsil,gh GHA,FW,LA Galaxy,27-081,1998,3.0,7,2.36,4,1,2,0,0,0,0,0.00,0,0,0,0,0,0,Matches
473,456,Nelson Palacio,co COL,MF,Real Salt Lake,23-311,2001,2.1,0,0.00,0,0,0,0,0,0,0,0.00,0,0,0,0,0,0,Matches
474,457,Jeison Palacios,co COL,DF,Nashville SC,31-034,1994,2.0,1,0.49,0,0,0,1,0,0,0,0.00,0,0,0,0,0,0,Matches
475,458,Sergi Palencia,es ESP,"DF,MF",LAFC,29-031,1996,7.3,12,1.65,12,0,0,0,0,0,1,0.14,1,0,0,0,0,0,Matches
476,459,James Pantemis,ca CAN,GK,Portland Timbers,28-061,1997,8.0,1,0.12,1,0,0,0,0,0,0,0.00,0,0,0,0,0,0,Matches
477,460,Cristhian Paredes,py PAR,MF,Portland Timbers,26-340,1998,0.9,3,3.14,3,0,0,0,0,0,0,0.00,0,0,0,0,0,0,Matches
478,461,Isaiah Parente,us USA,MF,LA Galaxy,25-038,2000,5.3,10,1.89,8,1,0,0,1,0,0,0.00,0,0,0,0,0,0,Matches
479,462,Tim Parker,us USA,DF,NY Red Bulls,32-059,1993,2.5,3,1.19,2,0,0,1,0,0,0,0.00,0,0,0,0,0,0,Matches
480,463,Keaton Parks,us USA,MF,NYCFC,27-260,1997,7.8,27,3.46,20,0,3,2,1,1,1,0.13,0,0,0,1,0,0,Matches
481,464,Marco Pašalić,hr CRO,"FW,MF",Orlando City,24-221,2000,7.6,22,2.90,18,0,1,2,1,0,3,0.40,1,0,0,1,1,0,Matches
482,465,João Paulo Mior,br BRA,MF,Seattle Sounders,34-046,1991,2.5,9,3.62,8,1,0,0,0,0,1,0.40,1,0,0,0,0,0,Matches
483,466,Tom Pearce,eng ENG,"MF,DF",CF Montréal,27-011,1998,2.2,8,3.56,4,4,0,0,0,0,0,0.00,0,0,0,0,0,0,Matches
484,467,Pedrinho,br BRA,"FW,MF",FC Dallas,22-005,2003,2.5,7,2.81,3,2,1,1,0,0,0,0.00,0,0,0,0,0,0,Matches
485,468,Peglow,br BRA,"FW,MF",D.C. United,23-106,2002,6.1,20,3.30,11,5,3,0,1,0,4,0.66,1,0,2,0,1,0,Matches
486,469,Amahl Pellegrino,no NOR,"FW,MF",SJ Earthquakes,34-309,1990,2.1,11,5.29,10,0,0,1,0,0,2,0.96,2,0,0,0,0,0,Matches
487,470,Matti Peltola,fi FIN,MF,D.C. United,22-294,2002,2.6,6,2.32,5,0,0,0,1,0,1,0.39,1,0,0,0,0,0,Matches
488,471,Andrés Perea,us USA,MF,NYCFC,24-160,2000,0.8,3,3.70,3,0,0,0,0,0,0,0.00,0,0,0,0,0,0,Matches
489,472,Daniel Pereira,ve VEN,MF,Austin,24-283,2000,8.1,25,3.09,19,1,2,0,1,2,2,0.25,1,0,1,0,0,0,Matches
490,473,Joaquín Pereyra,ar ARG,MF,Minnesota Utd,26-143,1998,7.1,37,5.19,21,8,3,4,1,0,4,0.56,2,1,0,1,0,0,Matches
491,474,Jonathan Perez,mx MEX,"FW,MF",Nashville SC,22-095,2003,1.3,4,3.08,2,0,0,1,1,0,0,0.00,0,0,0,0,0,0,Matches
492,475,Luca Petrasso,ca CAN,DF,CF Montréal,24-311,2000,8.9,18,2.02,17,0,1,0,0,0,1,0.11,1,0,0,0,0,0,Matches
493,Rk,Player,Nation,Pos,Squad,Age,Born,90s,SCA,SCA90,PassLive,PassDead,TO,Sh,Fld,Def,GCA,GCA90,PassLive,PassDead,TO,Sh,Fld,Def,Matches
494,476,Raoul Petretta,it ITA,DF,Toronto FC,28-030,1997,4.9,5,1.01,3,2,0,0,0,0,0,0.00,0,0,0,0,0,0,Matches
495,477,Fafà Picault,ht HAI,"FW,MF",Inter Miami,34-059,1991,1.8,3,1.67,3,0,0,0,0,0,1,0.56,1,0,0,0,0,0,Matches
496,478,Samuel Piette,ca CAN,MF,CF Montréal,30-162,1994,4.8,4,0.83,4,0,0,0,0,0,0,0.00,0,0,0,0,0,0,Matches
497,479,Ian Pilcher,us USA,DF,San Diego FC,22-033,2003,1.4,0,0.00,0,0,0,0,0,0,0,0.00,0,0,0,0,0,0,Matches
498,480,Mauricio Pineda,us USA,MF,Chicago Fire,27-188,1997,5.9,10,1.69,10,0,0,0,0,0,0,0.00,0,0,0,0,0,0,Matches
499,481,Ariath Piol,au AUS,FW,Real Salt Lake,20-194,2004,4.3,7,1.61,6,0,0,0,1,0,0,0.00,0,0,0,0,0,0,Matches
500,482,Gabriel Pirani,br BRA,"MF,FW",D.C. United,23-011,2002,6.7,17,2.55,16,0,0,1,0,0,2,0.30,2,0,0,0,0,0,Matches
501,483,Matt Polster,us USA,MF,NE Revolution,31-319,1993,4.8,9,1.86,6,0,0,1,1,1,0,0.00,0,0,0,0,0,0,Matches
502,484,Célio Pompeu,br BRA,"MF,FW",St. Louis,25-134,1999,3.1,11,3.56,7,1,2,0,1,0,0,0.00,0,0,0,0,0,0,Matches
503,485,Ezequiel Ponce,ar ARG,FW,Houston Dynamo,28-025,1997,8.9,11,1.24,6,0,0,4,1,0,1,0.11,0,0,0,1,0,0,Matches
504,486,Alvas Powell,jm JAM,DF,FC Cincinnati,30-279,1994,2.6,7,2.66,4,1,0,1,1,0,1,0.38,1,0,0,0,0,0,Matches
505,487,Ralph Priso-Mbongue,ca CAN,MF,Vancouver W'caps,22-264,2002,2.5,6,2.35,6,0,0,0,0,0,1,0.39,1,0,0,0,0,0,Matches
506,488,Andrew Privett,us USA,DF,Charlotte,24-264,2000,7.0,1,0.14,1,0,0,0,0,0,0,0.00,0,0,0,0,0,0,Matches
507,489,John Pulskamp,us USA,GK,Sporting KC,24-004,2001,9.0,1,0.11,0,1,0,0,0,0,1,0.11,0,1,0,0,0,0,Matches
508,490,Ahmed Qasem,se SWE,"MF,FW",Nashville SC,21-285,2003,5.2,15,2.87,11,0,0,3,1,0,1,0.19,1,0,0,0,0,0,Matches
509,491,Philip Quinton,us USA,DF,Real Salt Lake,25-158,1999,4.0,1,0.25,1,0,0,0,0,0,0,0.00,0,0,0,0,0,0,Matches
510,492,Nemanja Radoja,rs SRB,MF,Sporting KC,32-076,1993,5.5,8,1.46,7,0,0,1,0,0,2,0.37,2,0,0,0,0,0,Matches
511,493,Jeremy Rafanello,us USA,MF,Philadelphia Union,25-009,2000,0.3,0,0.00,0,0,0,0,0,0,0,0.00,0,0,0,0,0,0,Matches
512,494,Jackson Ragen,us USA,DF,Seattle Sounders,26-211,1998,6.7,5,0.74,4,0,0,1,0,0,0,0.00,0,0,0,0,0,0,Matches
513,495,Brooklyn Raines,us USA,MF,Houston Dynamo,20-043,2005,1.9,2,1.05,2,0,0,0,0,0,0,0.00,0,0,0,0,0,0,Matches
514,496,Christian Ramirez,us USA,FW,LA Galaxy,34-019,1991,4.9,8,1.63,7,0,0,0,1,0,1,0.20,0,0,0,0,1,0,Matches
515,497,Rubén Ramos,us USA,MF,LA Galaxy,18-091,2007,0.7,0,0.00,0,0,0,0,0,0,0,0.00,0,0,0,0,0,0,Matches
516,498,Tim Ream,us USA,DF,Charlotte,37-200,1987,7.3,5,0.68,5,0,0,0,0,0,0,0.00,0,0,0,0,0,0,Matches
517,499,Federico Redondo,ar ARG,MF,Inter Miami,22-095,2003,3.6,6,1.65,6,0,0,0,0,0,0,0.00,0,0,0,0,0,0,Matches
518,500,Seymour Reid,jm JAM,FW,NYCFC,17-050,2008,0.2,0,0.00,0,0,0,0,0,0,0,0.00,0,0,0,0,0,0,Matches
519,Rk,Player,Nation,Pos,Squad,Age,Born,90s,SCA,SCA90,PassLive,PassDead,TO,Sh,Fld,Def,GCA,GCA90,PassLive,PassDead,TO,Sh,Fld,Def,Matches
520,501,William Reilly,us USA,MF,Atlanta Utd,22-141,2002,1.0,6,5.93,5,1,0,0,0,0,0,0.00,0,0,0,0,0,0,Matches
521,502,Marco Reus,de GER,"MF,FW",LA Galaxy,35-327,1989,2.2,16,7.13,12,0,0,1,1,2,0,0.00,0,0,0,0,0,0,Matches
522,503,Andrés Reyes,co COL,DF,San Diego FC,25-227,1999,0.5,0,0.00,0,0,0,0,0,0,0,0.00,0,0,0,0,0,0,Matches
523,504,Justin Reynolds,us USA,DF,Chicago Fire,20-262,2004,1.2,0,0.00,0,0,0,0,0,0,0,0.00,0,0,0,0,0,0,Matches
524,505,Andrew Rick,us USA,GK,Philadelphia Union,19-083,2006,2.0,0,0.00,0,0,0,0,0,0,0,0.00,0,0,0,0,0,0,Matches
525,506,Jamar Ricketts,us USA,"DF,MF",SJ Earthquakes,23-181,2001,4.4,5,1.13,5,0,0,0,0,0,1,0.23,1,0,0,0,0,0,Matches
526,507,Kalani Rienzi,us USA,"MF,DF",Seattle Sounders,22-300,2002,4.0,5,1.26,4,0,0,0,0,1,0,0.00,0,0,0,0,0,0,Matches
527,508,Rocco Ríos Novo,ar ARG,GK,Inter Miami,22-323,2002,1.6,0,0.00,0,0,0,0,0,0,0,0.00,0,0,0,0,0,0,Matches
528,509,Birk Risa,no NOR,DF,NYCFC,27-069,1998,4.3,3,0.70,2,0,0,1,0,0,0,0.00,0,0,0,0,0,0,Matches
529,510,Reid Roberts,us USA,DF,SJ Earthquakes,21-135,2003,1.1,0,0.00,0,0,0,0,0,0,0,0.00,0,0,0,0,0,0,Matches
530,511,Miles Robinson,us USA,DF,FC Cincinnati,28-040,1997,6.2,3,0.48,3,0,0,0,0,0,1,0.16,1,0,0,0,0,0,Matches
531,512,Stian Rode Gregersen,no NOR,DF,Atlanta Utd,29-341,1995,6.8,2,0.29,2,0,0,0,0,0,0,0.00,0,0,0,0,0,0,Matches
532,513,Rodrigues,br BRA,DF,SJ Earthquakes,27-195,1997,7.3,13,1.79,9,0,1,1,2,0,2,0.27,2,0,0,0,0,0,Matches
533,514,Jonathan Rodríguez,uy URU,FW,Portland Timbers,31-291,1993,0.7,5,6.72,2,0,0,2,1,0,1,1.34,0,0,0,1,0,0,Matches
534,515,Memo Rodriguez,us USA,MF,Sporting KC,29-117,1995,2.9,11,3.76,5,5,0,0,1,0,0,0.00,0,0,0,0,0,0,Matches
535,516,Nicolás Rodríguez,co COL,FW,Orlando City,20-363,2004,0.1,0,0.00,0,0,0,0,0,0,0,0.00,0,0,0,0,0,0,Matches
536,517,Sam Rogers,us USA,DF,Chicago Fire,25-341,1999,6.2,1,0.16,1,0,0,0,0,0,0,0.00,0,0,0,0,0,0,Matches
537,518,Alex Roldan,sv SLV,"MF,DF",Seattle Sounders,28-269,1996,4.7,20,4.23,17,1,0,2,0,0,0,0.00,0,0,0,0,0,0,Matches
538,519,Cristian Roldan,us USA,"MF,FW",Seattle Sounders,29-324,1995,8.1,26,3.21,21,0,1,1,3,0,3,0.37,3,0,0,0,0,0,Matches
539,520,Nicolás Romero,ar ARG,DF,Minnesota Utd,21-146,2003,4.8,1,0.21,0,0,0,1,0,0,0,0.00,0,0,0,0,0,0,Matches
540,521,David Romney,us USA,DF,SJ Earthquakes,31-315,1993,9.0,6,0.67,5,1,0,0,0,0,0,0.00,0,0,0,0,0,0,Matches
541,522,Connor Ronan,ie IRL,MF,Colorado Rapids,27-048,1998,0.8,1,1.22,0,0,0,0,1,0,0,0.00,0,0,0,0,0,0,Matches
542,523,Anderson Rosa,br BRA,DF,Colorado Rapids,23-161,2001,0.3,0,0.00,0,0,0,0,0,0,0,0.00,0,0,0,0,0,0,Matches
543,524,Joseph Rosales,hn HON,DF,Minnesota Utd,24-168,2000,4.6,19,4.17,10,5,0,3,1,0,1,0.22,0,0,0,1,0,0,Matches
544,525,Keegan Rosenberry,us USA,DF,Colorado Rapids,31-133,1993,7.4,4,0.54,4,0,0,0,0,0,1,0.13,1,0,0,0,0,0,Matches
545,Rk,Player,Nation,Pos,Squad,Age,Born,90s,SCA,SCA90,PassLive,PassDead,TO,Sh,Fld,Def,GCA,GCA90,PassLive,PassDead,TO,Sh,Fld,Def,Matches
546,526,Daniel Rosero,co COL,DF,Sporting KC,31-199,1993,1.8,1,0.55,1,0,0,0,0,0,0,0.00,0,0,0,0,0,0,Matches
547,527,Diego Rossi,uy URU,"FW,MF",Columbus Crew,27-049,1998,8.9,27,3.03,15,2,5,3,2,0,1,0.11,1,0,0,0,0,0,Matches
548,528,Sigurd Rosted,no NOR,DF,Toronto FC,30-275,1994,6.5,2,0.31,1,0,0,0,1,0,1,0.15,0,0,0,0,1,0,Matches
549,529,Paul Rothrock,us USA,"MF,FW",Seattle Sounders,26-104,1999,7.6,22,2.89,16,2,2,0,2,0,1,0.13,1,0,0,0,0,0,Matches
550,530,Kye Rowles,au AUS,DF,D.C. United,26-303,1998,8.0,5,0.62,4,0,0,1,0,0,0,0.00,0,0,0,0,0,0,Matches
551,531,Diego Rubio,cl CHI,FW,Austin,31-343,1993,1.1,5,4.69,5,0,0,0,0,0,1,0.94,1,0,0,0,0,0,Matches
552,532,Pablo Ruíz,ar ARG,MF,Real Salt Lake,26-124,1998,1.8,13,7.09,7,3,1,2,0,0,0,0.00,0,0,0,0,0,0,Matches
553,533,David Ruíz-Ochoa,hn HON,"MF,FW",Inter Miami,21-074,2004,0.8,1,1.20,0,0,0,0,1,0,1,1.20,0,0,0,0,1,0,Matches
554,534,Albert Rusnák,sk SVK,"FW,MF",Seattle Sounders,30-290,1994,6.4,39,6.10,20,14,1,3,0,1,4,0.63,3,0,1,0,0,0,Matches
555,535,Jacen Russell-Rowe,ca CAN,FW,Columbus Crew,22-222,2002,7.9,14,1.76,11,0,1,2,0,0,1,0.13,1,0,0,0,0,0,Matches
556,536,Cesar Ruvalcaba,us USA,DF,Columbus Crew,23-284,2001,1.6,4,2.55,4,0,0,0,0,0,0,0.00,0,0,0,0,0,0,Matches
557,537,Emmanuel Sabbi,us USA,FW,Vancouver W'caps,27-120,1997,2.8,12,4.27,7,0,1,3,0,1,2,0.71,1,0,0,1,0,0,Matches
558,538,Besard Sabovic,se SWE,MF,Austin,27-108,1998,5.8,11,1.89,10,0,0,0,1,0,0,0.00,0,0,0,0,0,0,Matches
559,539,Anisse Saidi,tn TUN,MF,San Diego FC,16-307,2008,0.1,0,0.00,0,0,0,0,0,0,0,0.00,0,0,0,0,0,0,Matches
560,540,Adam Saldaña,us USA,MF,LAFC,23-075,2002,2.0,1,0.50,1,0,0,0,0,0,0,0.00,0,0,0,0,0,0,Matches
561,541,Nathan-Dylan Saliba,ca CAN,MF,CF Montréal,20-237,2004,7.9,8,1.01,8,0,0,0,0,0,0,0.00,0,0,0,0,0,0,Matches
562,542,Dániel Sallói,hu HUN,"FW,MF",Sporting KC,28-278,1996,5.8,13,2.23,11,0,1,1,0,0,2,0.34,2,0,0,0,0,0,Matches
563,543,Lucas Sanabria,uy URU,"MF,FW",LA Galaxy,21-118,2003,2.2,0,0.00,0,0,0,0,0,0,0,0.00,0,0,0,0,0,0,Matches
564,544,Ilie Sánchez,es ESP,MF,Austin,34-153,1990,4.6,5,1.08,5,0,0,0,0,0,0,0.00,0,0,0,0,0,0,Matches
565,545,William Sands,us USA,DF,NE Revolution,24-291,2000,2.8,3,1.07,2,1,0,0,0,0,0,0.00,0,0,0,0,0,0,Matches
566,546,Edvard Sandvik Tagseth,no NOR,MF,Nashville SC,24-090,2001,8.5,24,2.83,15,7,0,2,0,0,3,0.35,2,1,0,0,0,0,Matches
567,547,Jeong Sangbin,kr KOR,"FW,MF",Minnesota Utd,23-022,2002,1.7,5,2.92,3,1,1,0,0,0,0,0.00,0,0,0,0,0,0,Matches
568,548,Sergio Santos Gomes,br BRA,"FW,MF",FC Cincinnati,30-231,1994,3.0,15,4.96,13,0,0,0,2,0,3,0.99,3,0,0,0,0,0,Matches
569,549,Rafael Santos,br BRA,DF,Orlando City,27-077,1998,5.3,13,2.44,10,0,0,3,0,0,0,0.00,0,0,0,0,0,0,Matches
570,550,Nick Scardina,us USA,DF,Charlotte,23-305,2001,0.7,3,4.03,3,0,0,0,0,0,1,1.34,1,0,0,0,0,0,Matches
571,Rk,Player,Nation,Pos,Squad,Age,Born,90s,SCA,SCA90,PassLive,PassDead,TO,Sh,Fld,Def,GCA,GCA90,PassLive,PassDead,TO,Sh,Fld,Def,Matches
572,551,Rodrigo Schlegel,ar ARG,DF,Orlando City,28-020,1997,7.6,4,0.53,4,0,0,0,0,0,1,0.13,1,0,0,0,0,0,Matches
573,552,David Schnegg,at AUT,"DF,MF",D.C. United,26-206,1998,8.9,27,3.05,21,4,1,0,1,0,3,0.34,3,0,0,0,0,0,Matches
574,553,Patrick Schulte,us USA,GK,Columbus Crew,24-041,2001,8.0,2,0.25,2,0,0,0,0,0,0,0.00,0,0,0,0,0,0,Matches
575,554,Dante Sealy,us USA,"FW,DF",CF Montréal,22-006,2003,5.8,16,2.76,12,3,0,0,1,0,0,0.00,0,0,0,0,0,0,Matches
576,555,Gabe Segal,us USA,FW,Houston Dynamo,23-341,2001,0.3,1,3.60,0,0,0,1,0,0,0,0.00,0,0,0,0,0,0,Matches
577,556,Telasco Segovia,ve VEN,"MF,FW",Inter Miami,22-021,2003,4.5,20,4.47,16,2,1,0,1,0,4,0.89,3,0,1,0,0,0,Matches
578,557,Eddie Segura,co COL,DF,LAFC,28-080,1997,5.3,1,0.19,1,0,0,0,0,0,0,0.00,0,0,0,0,0,0,Matches
579,558,Amar Sejdic,us USA,FW,Columbus Crew,28-145,1996,0.0,0,0.00,0,0,0,0,0,0,0,0.00,0,0,0,0,0,0,Matches
580,559,Brandon Servania,us USA,MF,D.C. United,26-042,1999,3.9,7,1.79,6,0,0,1,0,0,0,0.00,0,0,0,0,0,0,Matches
581,560,Jacob Shaffelburg,ca CAN,"FW,MF",Nashville SC,25-148,1999,1.3,8,6.15,5,0,0,1,1,1,0,0.00,0,0,0,0,0,0,Matches
582,561,Charles Sharp,us USA,FW,Toronto FC,23-304,2001,0.1,0,0.00,0,0,0,0,0,0,0,0.00,0,0,0,0,0,0,Matches
583,562,Samuel Shashoua,eng ENG,"MF,FW",Minnesota Utd,25-345,1999,1.0,4,4.04,3,1,0,0,0,0,0,0.00,0,0,0,0,0,0,Matches
584,563,Khiry Shelton,us USA,DF,Sporting KC,31-301,1993,3.5,3,0.86,2,0,0,0,0,1,1,0.29,1,0,0,0,0,0,Matches
585,564,Jonathan Shore,us USA,"MF,DF",NYCFC,18-010,2007,5.8,10,1.73,8,0,0,2,0,0,0,0.00,0,0,0,0,0,0,Matches
586,565,Show,ao ANG,MF,FC Dallas,26-048,1999,1.3,0,0.00,0,0,0,0,0,0,0,0.00,0,0,0,0,0,0,Matches
587,566,Xande Silva,pt POR,FW,Atlanta Utd,28-038,1997,2.5,11,4.36,7,0,3,1,0,0,1,0.40,1,0,0,0,0,0,Matches
588,567,Jonathan Sirois,ca CAN,GK,CF Montréal,23-300,2001,9.0,1,0.11,1,0,0,0,0,0,0,0.00,0,0,0,0,0,0,Matches
589,568,Jack Skahan,us USA,MF,SJ Earthquakes,27-075,1998,0.1,0,0.00,0,0,0,0,0,0,0,0.00,0,0,0,0,0,0,Matches
590,569,Bartosz Slisz,pl POL,MF,Atlanta Utd,26-025,1999,7.0,9,1.29,7,0,1,1,0,0,1,0.14,1,0,0,0,0,0,Matches
591,570,Tyger Smalls,,"MF,FW",Charlotte,,,0.4,0,0.00,0,0,0,0,0,0,0,0.00,0,0,0,0,0,0,Matches
592,571,Alec Smir,us USA,GK,Minnesota Utd,26-010,1999,1.0,0,0.00,0,0,0,0,0,0,0,0.00,0,0,0,0,0,0,Matches
593,572,Brad Smith,au AUS,"DF,MF",FC Cincinnati,31-014,1994,1.3,2,1.57,1,0,0,1,0,0,0,0.00,0,0,0,0,0,0,Matches
594,573,Ian Smith,us USA,DF,Portland Timbers,22-281,2002,3.1,4,1.29,3,0,0,0,1,0,1,0.32,0,0,0,0,1,0,Matches
595,574,Kyle Smith,us USA,DF,Orlando City,33-104,1992,2.9,4,1.37,3,1,0,0,0,0,2,0.69,1,1,0,0,0,0,Matches
596,575,Artem Smoliakov,ua UKR,"DF,MF",LAFC,21-329,2003,2.9,4,1.37,4,0,0,0,0,0,0,0.00,0,0,0,0,0,0,Matches
597,Rk,Player,Nation,Pos,Squad,Age,Born,90s,SCA,SCA90,PassLive,PassDead,TO,Sh,Fld,Def,GCA,GCA90,PassLive,PassDead,TO,Sh,Fld,Def,Matches
598,576,Mohammed Sofo,gh GHA,FW,NY Red Bulls,20-174,2004,1.8,0,0.00,0,0,0,0,0,0,0,0.00,0,0,0,0,0,0,Matches
599,577,Tyrese Spicer,tt TRI,"FW,DF",Toronto FC,24-140,2000,2.8,9,3.25,8,0,0,0,0,1,0,0.00,0,0,0,0,0,0,Matches
600,578,Dayne St. Clair,ca CAN,GK,Minnesota Utd,27-349,1997,8.0,1,0.12,0,1,0,0,0,0,1,0.12,0,1,0,0,0,0,Matches
601,579,Lazar Stefanovic,ca CAN,"DF,MF",Toronto FC,18-256,2006,0.7,0,0.00,0,0,0,0,0,0,0,0.00,0,0,0,0,0,0,Matches
602,580,Zack Steffen,us USA,GK,Colorado Rapids,30-021,1995,8.0,1,0.12,0,1,0,0,0,0,0,0.00,0,0,0,0,0,0,Matches
603,581,Daniel Steres,us USA,DF,Houston Dynamo,34-163,1990,3.4,3,0.88,2,1,0,0,0,0,0,0.00,0,0,0,0,0,0,Matches
604,582,Kimani Stewart-Baynes,ca CAN,FW,Colorado Rapids,20-096,2005,0.0,0,0.00,0,0,0,0,0,0,0,0.00,0,0,0,0,0,0,Matches
605,583,Jared Stroud,us USA,"FW,MF",D.C. United,28-287,1996,5.8,17,2.93,13,0,0,3,1,0,0,0.00,0,0,0,0,0,0,Matches
606,584,Peter Stroud,us USA,MF,NY Red Bulls,23-000,2002,6.3,11,1.76,8,0,0,2,1,0,2,0.32,2,0,0,0,0,0,Matches
607,585,Brad Stuver,us USA,GK,Austin,34-007,1991,9.0,1,0.11,1,0,0,0,0,0,0,0.00,0,0,0,0,0,0,Matches
608,586,Luis Suárez,uy URU,FW,Inter Miami,38-089,1987,6.7,20,2.99,20,0,0,0,0,0,6,0.90,6,0,0,0,0,0,Matches
609,587,Magomed-Shapi Suleymanov,ru RUS,"FW,MF",Sporting KC,25-128,1999,6.8,20,2.94,14,2,0,0,4,0,5,0.74,3,0,0,0,2,0,Matches
610,588,Cavan Sullivan,us USA,"MF,FW",Philadelphia Union,15-207,2009,0.2,2,9.47,2,0,0,0,0,0,0,0.00,0,0,0,0,0,0,Matches
611,589,Quinn Sullivan,us USA,"MF,FW",Philadelphia Union,21-027,2004,8.3,44,5.27,33,5,2,3,0,1,6,0.72,5,0,0,1,0,0,Matches
612,590,Finn Surman,nz NZL,DF,Portland Timbers,21-212,2003,8.7,3,0.34,3,0,0,0,0,0,0,0.00,0,0,0,0,0,0,Matches
613,591,Sam Surridge,eng ENG,FW,Nashville SC,26-269,1998,8.9,34,3.80,21,1,3,3,5,1,5,0.56,3,0,1,1,0,0,Matches
614,592,Oleksandr Svatok,ua UKR,DF,Austin,30-208,1994,5.7,6,1.05,5,0,0,1,0,0,0,0.00,0,0,0,0,0,0,Matches
615,593,Erik Sviatchenko,dk DEN,DF,Houston Dynamo,33-201,1991,3.8,2,0.53,2,0,0,0,0,0,0,0.00,0,0,0,0,0,0,Matches
616,594,Hennadii Synchuk,ua UKR,FW,CF Montréal,18-287,2006,1.3,6,4.74,5,0,0,0,0,1,0,0.00,0,0,0,0,0,0,Matches
617,595,Nkosi Tafari,us USA,DF,LAFC,28-031,1997,4.9,5,1.03,5,0,0,0,0,0,0,0.00,0,0,0,0,0,0,Matches
618,596,Zakaria Taifi,us USA,DF,Orlando City,19-204,2005,0.1,0,0.00,0,0,0,0,0,0,0,0.00,0,0,0,0,0,0,Matches
619,597,Yohei Takaoka,jp JPN,GK,Vancouver W'caps,29-038,1996,9.0,2,0.22,2,0,0,0,0,0,0,0.00,0,0,0,0,0,0,Matches
620,598,Strahinja Tanasijević,rs SRB,DF,NYCFC,27-315,1997,2.2,2,0.92,2,0,0,0,0,0,0,0.00,0,0,0,0,0,0,Matches
621,599,Andrew Tarbell,us USA,GK,Houston Dynamo,31-198,1993,3.4,0,0.00,0,0,0,0,0,0,0,0.00,0,0,0,0,0,0,Matches
622,600,Iuri Tavares,cv CPV,"FW,MF",Charlotte,24-046,2001,0.3,0,0.00,0,0,0,0,0,0,0,0.00,0,0,0,0,0,0,Matches
623,Rk,Player,Nation,Pos,Squad,Age,Born,90s,SCA,SCA90,PassLive,PassDead,TO,Sh,Fld,Def,GCA,GCA90,PassLive,PassDead,TO,Sh,Fld,Def,Matches
624,601,D.J. Taylor,us USA,DF,Minnesota Utd,27-240,1997,0.4,0,0.00,0,0,0,0,0,0,0,0.00,0,0,0,0,0,0,Matches
625,602,Robert Taylor,fi FIN,"MF,FW",Inter Miami,30-184,1994,2.2,3,1.36,3,0,0,0,0,0,0,0.00,0,0,0,0,0,0,Matches
626,603,Carlos Terán,co COL,DF,Chicago Fire,24-211,2000,3.3,2,0.61,1,1,0,0,0,0,0,0.00,0,0,0,0,0,0,Matches
627,604,Cedric Teuchert,de GER,"FW,MF",St. Louis,28-099,1997,4.4,6,1.38,6,0,0,0,0,0,1,0.23,1,0,0,0,0,0,Matches
628,605,Odin Thiago Holm,no NOR,"MF,FW",LAFC,22-095,2003,1.1,3,2.73,3,0,0,0,0,0,0,0.00,0,0,0,0,0,0,Matches
629,606,Jamal Thiaré,sn SEN,"DF,FW",Atlanta Utd,32-023,1993,0.6,1,1.61,1,0,0,0,0,0,0,0.00,0,0,0,0,0,0,Matches
630,607,Andrew Thomas,ru RUS,GK,Seattle Sounders,26-234,1998,1.0,0,0.00,0,0,0,0,0,0,0,0.00,0,0,0,0,0,0,Matches
631,608,Erik Thommy,de GER,"FW,MF",Sporting KC,30-246,1994,5.0,12,2.39,11,0,0,0,1,0,1,0.20,1,0,0,0,0,0,Matches
632,609,Kosi Thompson,ca CAN,DF,Toronto FC,22-086,2003,5.8,4,0.69,3,0,0,0,0,1,0,0.00,0,0,0,0,0,0,Matches
633,610,Timmy Tillman,de GER,MF,LAFC,26-109,1999,6.3,23,3.64,19,0,1,1,1,1,0,0.00,0,0,0,0,0,0,Matches
634,611,Cayman Togashi,jp JPN,"MF,FW",Atlanta Utd,31-256,1993,0.7,1,1.38,0,1,0,0,0,0,1,1.38,0,1,0,0,0,0,Matches
635,612,Nouhou Tolo,cm CMR,DF,Seattle Sounders,27-304,1997,6.7,8,1.19,6,0,0,1,1,0,0,0.00,0,0,0,0,0,0,Matches
636,613,Tomas Totland,no NOR,DF,St. Louis,26-207,1998,3.7,8,2.14,6,1,0,1,0,0,0,0.00,0,0,0,0,0,0,Matches
637,614,Mason Toye,us USA,FW,Sporting KC,26-189,1998,0.2,1,4.50,1,0,0,0,0,0,0,0.00,0,0,0,0,0,0,Matches
638,615,Wil Trapp,us USA,MF,Minnesota Utd,32-098,1993,7.7,10,1.31,9,0,0,0,1,0,0,0.00,0,0,0,0,0,0,Matches
639,616,Niko Tsakiris,us USA,MF,SJ Earthquakes,19-308,2005,2.5,17,6.83,12,2,1,1,0,1,2,0.80,2,0,0,0,0,0,Matches
640,617,Jeppe Tverskov,dk DEN,MF,San Diego FC,32-042,1993,8.8,18,2.04,18,0,0,0,0,0,3,0.34,3,0,0,0,0,0,Matches
641,618,Mikael Uhre,dk DEN,FW,Philadelphia Union,30-205,1994,5.7,18,3.16,11,0,1,4,2,0,1,0.18,1,0,0,0,0,0,Matches
642,619,Cengiz Ünder,tr TUR,FW,LAFC,27-283,1997,2.9,6,2.09,3,2,1,0,0,0,0,0.00,0,0,0,0,0,0,Matches
643,620,Osaze Urhoghide,nl NED,DF,FC Dallas,24-293,2000,9.0,5,0.56,5,0,0,0,0,0,1,0.11,1,0,0,0,0,0,Matches
644,621,Maximiliano Urruti,ar ARG,FW,NE Revolution,34-060,1991,3.9,10,2.55,6,0,2,1,0,1,1,0.25,1,0,0,0,0,0,Matches
645,622,Júnior Urso,br BRA,MF,Houston Dynamo,36-044,1989,2.2,1,0.45,0,0,1,0,0,0,0,0.00,0,0,0,0,0,0,Matches
646,623,Óscar Ustari,ar ARG,GK,Inter Miami,38-294,1986,5.4,2,0.37,2,0,0,0,0,0,0,0.00,0,0,0,0,0,0,Matches
647,624,Myrto Uzuni,al ALB,FW,Austin,29-327,1995,6.1,15,2.46,11,1,2,0,0,1,0,0.00,0,0,0,0,0,0,Matches
648,625,Onni Valakari,fi FIN,"FW,MF",San Diego FC,25-248,1999,5.8,16,2.74,12,0,0,2,2,0,4,0.69,2,0,0,1,1,0,Matches
649,Rk,Player,Nation,Pos,Squad,Age,Born,90s,SCA,SCA90,PassLive,PassDead,TO,Sh,Fld,Def,GCA,GCA90,PassLive,PassDead,TO,Sh,Fld,Def,Matches
650,626,Omar Valencia,pa PAN,DF,NY Red Bulls,20-319,2004,5.1,11,2.14,7,4,0,0,0,0,2,0.39,2,0,0,0,0,0,Matches
651,627,Gerardo Valenzuela,us USA,MF,FC Cincinnati,20-207,2004,1.0,3,3.00,3,0,0,0,0,0,0,0.00,0,0,0,0,0,0,Matches
652,628,Kerwin Vargas,co COL,"MF,FW",Charlotte,23-111,2002,4.2,11,2.64,6,1,2,1,1,0,1,0.24,0,0,0,1,0,0,Matches
653,629,Obed Vargas,mx MEX,MF,Seattle Sounders,19-261,2005,6.8,29,4.24,21,0,2,2,2,2,3,0.44,2,0,1,0,0,0,Matches
654,630,Indiana Vassilev,us USA,MF,Philadelphia Union,24-066,2001,4.3,15,3.52,13,1,0,0,0,1,1,0.23,1,0,0,0,0,0,Matches
655,631,Brandon Vazquez,us USA,FW,Austin,26-191,1998,8.7,18,2.08,10,0,3,3,2,0,3,0.35,1,0,1,0,1,0,Matches
656,632,Brayan Vera,co COL,DF,Real Salt Lake,26-098,1999,6.5,4,0.62,3,0,0,1,0,0,0,0.00,0,0,0,0,0,0,Matches
657,633,Oscar Verhoeven,us USA,MF,SJ Earthquakes,18-327,2006,0.1,1,15.00,1,0,0,0,0,0,0,0.00,0,0,0,0,0,0,Matches
658,634,Ranko Veselinović,rs SRB,DF,Vancouver W'caps,26-030,1999,9.0,11,1.22,9,0,0,2,0,0,1,0.11,0,0,0,1,0,0,Matches
659,635,Jules-Anthony Vilsaint,ca CAN,"FW,MF",CF Montréal,22-107,2003,1.2,0,0.00,0,0,0,0,0,0,0,0.00,0,0,0,0,0,0,Matches
660,636,Sam Vines,us USA,DF,Colorado Rapids,25-327,1999,2.2,1,0.45,1,0,0,0,0,0,0,0.00,0,0,0,0,0,0,Matches
661,637,Pedro Vite,ec ECU,"MF,FW",Vancouver W'caps,23-045,2002,6.8,31,4.57,25,3,0,2,1,0,5,0.74,4,1,0,0,0,0,Matches
662,638,Robert Voloder,ba BIH,DF,Sporting KC,23-349,2001,4.5,1,0.22,0,0,0,0,1,0,0,0.00,0,0,0,0,0,0,Matches
663,639,Giacomo Vrioni,al ALB,MF,CF Montréal,26-190,1998,0.3,1,3.91,1,0,0,0,0,0,0,0.00,0,0,0,0,0,0,Matches
664,640,Kai Wagner,de GER,DF,Philadelphia Union,28-067,1997,7.0,28,4.00,17,10,1,0,0,0,8,1.14,5,2,1,0,0,0,Matches
665,641,Conrad Wallem,no NOR,"DF,MF",St. Louis,24-318,2000,7.7,16,2.07,10,1,0,4,1,0,1,0.13,1,0,0,0,0,0,Matches
666,642,Joel Waterman,ca CAN,DF,CF Montréal,29-089,1996,7.4,7,0.94,7,0,0,0,0,0,0,0.00,0,0,0,0,0,0,Matches
667,643,Akil Watts,us USA,"MF,DF",St. Louis,25-078,2000,7.2,10,1.40,9,0,0,1,0,0,0,0.00,0,0,0,0,0,0,Matches
668,644,Marcelo Weigandt,ar ARG,DF,Inter Miami,25-102,2000,1.8,3,1.63,3,0,0,0,0,0,1,0.54,1,0,0,0,0,0,Matches
669,645,Francis Westfield,us USA,DF,Philadelphia Union,19-135,2005,6.7,16,2.38,12,1,1,0,1,1,3,0.45,3,0,0,0,0,0,Matches
670,646,Ashley Westwood,eng ENG,MF,Charlotte,35-022,1990,9.0,13,1.44,11,2,0,0,0,0,2,0.22,1,1,0,0,0,0,Matches
671,647,Brian White,us USA,FW,Vancouver W'caps,29-079,1996,7.9,16,2.02,11,0,0,2,3,0,0,0.00,0,0,0,0,0,0,Matches
672,648,Adrian Wibowo,us USA,FW,LAFC,19-096,2006,0.2,0,0.00,0,0,0,0,0,0,0,0.00,0,0,0,0,0,0,Matches
673,649,Derrick Williams,ie IRL,DF,Atlanta Utd,32-096,1993,5.1,3,0.59,2,1,0,0,0,0,1,0.20,0,1,0,0,0,0,Matches
674,650,Samuel Williams,us USA,MF,Chicago Fire,20-036,2005,2.6,1,0.38,1,0,0,0,0,0,0,0.00,0,0,0,0,0,0,Matches
675,Rk,Player,Nation,Pos,Squad,Age,Born,90s,SCA,SCA90,PassLive,PassDead,TO,Sh,Fld,Def,GCA,GCA90,PassLive,PassDead,TO,Sh,Fld,Def,Matches
676,651,Thomas Williams,us USA,DF,Orlando City,20-251,2004,0.1,0,0.00,0,0,0,0,0,0,0,0.00,0,0,0,0,0,0,Matches
677,652,Eryk Williamson,us USA,"MF,FW",Charlotte,27-316,1997,1.8,6,3.35,5,1,0,0,0,0,0,0.00,0,0,0,0,0,0,Matches
678,653,Joe Willis,us USA,GK,Nashville SC,36-256,1988,9.0,1,0.11,1,0,0,0,0,0,0,0.00,0,0,0,0,0,0,Matches
679,654,Bruno Wilson,pt POR,DF,SJ Earthquakes,28-117,1996,8.0,6,0.75,6,0,0,0,0,0,0,0.00,0,0,0,0,0,0,Matches
680,655,Henry Wingo,us USA,DF,Toronto FC,29-201,1995,2.5,3,1.22,3,0,0,0,0,0,0,0.00,0,0,0,0,0,0,Matches
681,656,Hannes Wolf,at AUT,"FW,MF",NYCFC,26-007,1999,8.4,20,2.37,15,2,1,2,0,0,2,0.24,2,0,0,0,0,0,Matches
682,657,Owen Wolff,us USA,"MF,FW",Austin,20-114,2004,8.3,28,3.39,17,10,0,0,1,0,3,0.36,0,3,0,0,0,0,Matches
683,658,Tyler Wolff,us USA,"FW,MF",Real Salt Lake,22-069,2003,2.3,6,2.63,3,0,1,0,2,0,0,0.00,0,0,0,0,0,0,Matches
684,659,Elijah Wynder,us USA,MF,LA Galaxy,22-044,2003,2.5,5,1.98,5,0,0,0,0,0,1,0.40,1,0,0,0,0,0,Matches
685,660,Miki Yamane,jp JPN,DF,LA Galaxy,31-122,1993,5.3,12,2.26,11,0,0,0,0,1,3,0.57,3,0,0,0,0,0,Matches
686,661,Dominik Yankov,bg BUL,MF,CF Montréal,24-269,2000,0.1,2,16.36,1,1,0,0,0,0,0,0.00,0,0,0,0,0,0,Matches
687,662,Darren Yapi,us USA,"FW,MF",Colorado Rapids,20-155,2004,1.9,4,2.12,2,0,0,0,1,1,1,0.53,0,0,0,0,1,0,Matches
688,663,Joshua Yaro,gh GHA,DF,St. Louis,30-156,1994,5.3,2,0.38,2,0,0,0,0,0,0,0.00,0,0,0,0,0,0,Matches
689,664,Patrick Yazbek,au AUS,MF,Nashville SC,23-018,2002,4.3,7,1.61,7,0,0,0,0,0,1,0.23,1,0,0,0,0,0,Matches
690,665,Kelvin Yeboah,it ITA,FW,Minnesota Utd,24-352,2000,7.9,20,2.55,16,0,1,2,1,0,1,0.13,1,0,0,0,0,0,Matches
691,666,Yaw Yeboah,gh GHA,"MF,FW",LAFC,28-026,1997,3.2,5,1.54,4,0,1,0,0,0,0,0.00,0,0,0,0,0,0,Matches
692,667,DeAndre Yedlin,us USA,DF,FC Cincinnati,31-288,1993,7.8,13,1.67,12,0,0,0,1,0,1,0.13,1,0,0,0,0,0,Matches
693,668,Maya Yoshida,jp JPN,DF,LA Galaxy,36-242,1988,5.8,7,1.20,7,0,0,0,0,0,1,0.17,1,0,0,0,0,0,Matches
694,669,Jackson Yueill,us USA,MF,NE Revolution,28-035,1997,4.2,7,1.66,6,1,0,0,0,0,0,0.00,0,0,0,0,0,0,Matches
695,670,Alhassan Yusuf,ng NGA,"MF,FW",NE Revolution,24-279,2000,7.9,21,2.65,20,1,0,0,0,0,1,0.13,1,0,0,0,0,0,Matches
696,671,Wilfried Zaha,ci CIV,"FW,MF",Charlotte,32-164,1992,7.0,26,3.72,18,0,4,0,4,0,1,0.14,0,0,0,0,1,0,Matches
697,672,Eriq Zavaleta,sv SLV,DF,LA Galaxy,32-264,1992,1.4,1,0.71,1,0,0,0,0,0,0,0.00,0,0,0,0,0,0,Matches
698,673,Sean Zawadzki,us USA,"DF,MF",Columbus Crew,25-002,2000,9.0,14,1.56,11,0,1,0,1,1,0,0.00,0,0,0,0,0,0,Matches
699,674,Walker Zimmerman,us USA,DF,Nashville SC,31-339,1993,6.9,11,1.60,7,0,0,3,1,0,2,0.29,1,0,0,1,0,0,Matches
700,675,Philip Zinckernagel,dk DEN,FW,Chicago Fire,30-128,1994,6.5,31,4.79,19,7,3,0,1,1,3,0.46,2,0,0,0,0,1,Matches
701,Rk,Player,Nation,Pos,Squad,Age,Born,90s,SCA,SCA90,PassLive,PassDead,TO,Sh,Fld,Def,GCA,GCA90,PassLive,PassDead,TO,Sh,Fld,Def,Matches
702,676,Rida Zouhir,ca CAN,"MF,FW",D.C. United,21-151,2003,0.8,4,5.07,2,2,0,0,0,0,1,1.27,1,0,0,0,0,0,Matches
