Rk,Player,Nation,Pos,Squad,Age,Born,90s,SCA,SCA90,SCA_PassLive,SCA_PassDead,SCA_TO,SCA_Shot,SCA_Fld,SCA_DefAct,GCA,GCA90,GCA_PassLive,GCA_PassDead,GCA_TO,GCA_Shot,GCA_Fld,GCA_DefAct
Luis Abram,pe PER,DF,Atlanta Utd,29-068,1996,6.8,2,0.29,2,0,0,0,0,0,0,0.00,0,0,0,0,0,0,Matches
Lalas Abubakar,gh GHA,DF,FC Dallas,30-132,1994,2.0,2,0.99,1,0,0,0,0,1,0,0.00,0,0,0,0,0,0,Matches
Kellyn Acosta,us USA,MF,Chicago Fire,29-286,1995,4.3,5,1.16,5,0,0,0,0,0,0,0.00,0,0,0,0,0,0,Matches
Luciano Acosta,ar ARG,MF,FC Dallas,30-340,1994,10.2,51,5.02,35,13,0,0,2,1,2,0.20,2,0,0,0,0,0,Matches
Sam Adekugbe,ca CAN,DF,Vancouver W'caps,30-110,1995,1.9,5,2.63,5,0,0,0,0,0,0,0.00,0,0,0,0,0,0,Matches
Leonardo Afonso,br BRA,FW,Inter Miami,23-297,2001,0.8,2,2.47,1,0,0,1,0,0,2,2.47,1,0,0,1,0,0,Matches
Stephen Afrifa,ca CAN,"FW,MF",Sporting KC,24-076,2001,0.1,2,22.50,0,0,1,0,1,0,0,0.00,0,0,0,0,0,0,Matches
William Agada,ng NGA,FW,Sporting KC,25-231,1999,1.1,2,1.82,2,0,0,0,0,0,0,0.00,0,0,0,0,0,0,Matches
William Agada,ng NGA,FW,Real Salt Lake,25-231,1999,0.8,1,1.30,1,0,0,0,0,0,0,0.00,0,0,0,0,0,0,Matches
Patrick Agyemang,us USA,FW,Charlotte,24-180,2000,8.6,26,3.01,18,0,1,0,7,0,4,0.46,1,0,0,0,3,0,Matches
Ali Ahmed,ca CAN,FW,Vancouver W'caps,24-208,2000,5.9,35,5.94,31,0,3,0,0,1,7,1.19,7,0,0,0,0,0,Matches
Forster Ajago,gh GHA,FW,Real Salt Lake,23-263,2001,2.9,4,1.39,4,0,0,0,0,0,1,0.35,1,0,0,0,0,0,Matches
Jordi Alba,es ESP,DF,Inter Miami,36-046,1989,8.4,19,2.27,17,0,0,1,0,1,4,0.48,4,0,0,0,0,0,Matches
Noah Allen,us USA,DF,Inter Miami,21-008,2004,7.3,4,0.55,4,0,0,0,0,0,0,0.00,0,0,0,0,0,0,Matches
Tadeo Allende,ar ARG,"FW,MF",Inter Miami,26-075,1999,4.5,9,2.01,6,0,2,1,0,0,1,0.22,1,0,0,0,0,0,Matches
Miguel Almirón,py PAR,"FW,MF",Atlanta Utd,31-085,1994,9.9,42,4.26,30,1,3,3,3,2,2,0.20,2,0,0,0,0,0,Matches
Alejandro Alvarado Jr.,us USA,MF,San Diego FC,21-281,2003,2.1,4,1.95,4,0,0,0,0,0,0,0.00,0,0,0,0,0,0,Matches
Fernando Álvarez,co COL,DF,CF Montréal,21-255,2003,4.6,5,1.09,4,1,0,0,0,0,0,0.00,0,0,0,0,0,0,Matches
Pedro Amador,pt POR,DF,Atlanta Utd,26-139,1998,6.7,13,1.94,13,0,0,0,0,0,0,0.00,0,0,0,0,0,0,Matches
Frankie Amaya,us USA,MF,LAFC,24-222,2000,0.2,1,5.00,1,0,0,0,0,0,0,0.00,0,0,0,0,0,0,Matches
Malte Amundsen,dk DEN,DF,Columbus Crew,27-084,1998,7.2,8,1.10,6,0,1,0,0,1,2,0.28,1,0,0,0,0,1,Matches
Tomas Ángel,co COL,"FW,MF",San Diego FC,22-075,2003,3.3,13,3.90,9,1,0,2,1,0,2,0.60,2,0,0,0,0,0,Matches
Iván Angulo,co COL,"FW,MF",Orlando City,26-045,1999,9.4,23,2.45,21,0,1,0,0,1,1,0.11,1,0,0,0,0,0,Matches
Conner Antley,us USA,"DF,MF",D.C. United,30-045,1995,0.8,0,0.00,0,0,0,0,0,0,0,0.00,0,0,0,0,0,0,Matches
Player,Nation,Pos,Squad,Age,Born,90s,SCA,SCA90,PassLive,PassDead,TO,Sh,Fld,Def,GCA,GCA90,PassLive,PassDead,TO,Sh,Fld,Def,Matches
Antony,br BRA,"FW,MF",Portland Timbers,23-240,2001,9.9,31,3.13,28,0,1,1,1,0,8,0.81,7,0,1,0,0,0,Matches
Brian Anunga,cm CMR,MF,FC Cincinnati,28-269,1996,7.0,6,0.86,5,1,0,0,0,0,1,0.14,1,0,0,0,0,0,Matches
Chris Applewhite,us USA,DF,Nashville SC,17-256,2007,0.2,1,6.00,1,0,0,0,0,0,0,0.00,0,0,0,0,0,0,Matches
Cristian Arango,co COL,"MF,FW",SJ Earthquakes,30-058,1995,10.8,38,3.53,28,1,2,3,3,1,5,0.46,5,0,0,0,0,0,Matches
César Araujo,uy URU,MF,Orlando City,24-034,2001,6.0,16,2.67,9,0,0,1,4,2,2,0.33,1,0,0,0,1,0,Matches
Maximilian Arfsten,us USA,"MF,DF",Columbus Crew,24-017,2001,10.0,26,2.60,20,1,4,0,1,0,4,0.40,4,0,0,0,0,0,Matches
Daniel Armando Ríos,mx MEX,FW,Vancouver W'caps,30-073,1995,4.6,10,2.17,5,0,1,4,0,0,1,0.22,1,0,0,0,0,0,Matches
Paul Arriola,us USA,"FW,DF",Seattle Sounders,30-090,1995,0.8,1,1.20,1,0,0,0,0,0,0,0.00,0,0,0,0,0,0,Matches
Artur,br BRA,MF,Houston Dynamo,29-056,1996,11.0,16,1.46,16,0,0,0,0,0,0,0.00,0,0,0,0,0,0,Matches
Joshua Atencio,us USA,MF,Colorado Rapids,23-095,2002,8.4,20,2.38,19,0,0,1,0,0,0,0.00,0,0,0,0,0,0,Matches
Eduard Atuesta,co COL,MF,Orlando City,27-322,1997,6.8,32,4.68,21,6,1,1,2,1,7,1.02,5,0,0,0,1,1,Matches
Julián Aude,ar ARG,DF,LA Galaxy,22-043,2003,5.6,11,1.95,10,0,0,0,1,0,0,0.00,0,0,0,0,0,0,Matches
Tomás Avilés,ar ARG,"DF,MF",Inter Miami,21-092,2004,4.6,4,0.88,3,1,0,0,0,0,1,0.22,1,0,0,0,0,0,Matches
Chidozie Awaziem,ng NGA,DF,Colorado Rapids,28-125,1997,10.7,6,0.56,5,0,0,1,0,0,1,0.09,0,0,0,1,0,0,Matches
Obafemi Awodesu,us USA,DF,Houston Dynamo,24-031,2001,11.0,3,0.27,3,0,0,0,0,0,0,0.00,0,0,0,0,0,0,Matches
David Ayala,ar ARG,MF,Portland Timbers,22-284,2002,9.5,14,1.47,10,0,0,3,0,1,1,0.11,0,0,0,1,0,0,Matches
Dominique Badji,sn SEN,"FW,MF",D.C. United,32-202,1992,3.6,4,1.12,3,0,0,0,1,0,0,0.00,0,0,0,0,0,0,Matches
Jeevan Badwal,ca CAN,"MF,FW",Vancouver W'caps,19-056,2006,1.4,1,0.70,1,0,0,0,0,0,0,0.00,0,0,0,0,0,0,Matches
Corey Baird,us USA,"FW,MF",FC Cincinnati,29-096,1996,3.3,14,4.29,10,2,0,2,0,0,2,0.61,0,0,0,2,0,0,Matches
Cody Baker,us USA,MF,Seattle Sounders,21-119,2004,0.2,0,0.00,0,0,0,0,0,0,0,0.00,0,0,0,0,0,0,Matches
Reed Baker-Whiting,us USA,"FW,MF",Seattle Sounders,20-036,2005,0.3,2,6.21,2,0,0,0,0,0,0,0.00,0,0,0,0,0,0,Matches
Monsef Bakrar,dz ALG,"FW,MF",NYCFC,24-113,2001,3.2,9,2.83,8,0,0,1,0,0,0,0.00,0,0,0,0,0,0,Matches
Jonathan Bamba,ci CIV,FW,Chicago Fire,29-041,1996,9.6,35,3.66,27,0,2,3,2,1,7,0.73,5,0,1,0,0,1,Matches
Fidel Barajas,mx MEX,FW,D.C. United,19-031,2006,0.2,1,4.50,1,0,0,0,0,0,0,0.00,0,0,0,0,0,0,Matches
Jesús Barea,es ESP,FW,Real Salt Lake,23-008,2002,2.0,8,3.98,3,1,0,3,1,0,0,0.00,0,0,0,0,0,0,Matches
Player,Nation,Pos,Squad,Age,Born,90s,SCA,SCA90,PassLive,PassDead,TO,Sh,Fld,Def,GCA,GCA90,PassLive,PassDead,TO,Sh,Fld,Def,Matches
Tai Baribo,il ISR,FW,Philadelphia Union,27-111,1998,7.9,12,1.52,10,0,1,1,0,0,0,0.00,0,0,0,0,0,0,Matches
Tom Barlow,us USA,"FW,MF",Chicago Fire,29-302,1995,2.1,2,0.97,1,0,0,1,0,0,0,0.00,0,0,0,0,0,0,Matches
Luis Barraza,us USA,GK,D.C. United,28-179,1996,4.0,2,0.50,1,1,0,0,0,0,1,0.25,0,1,0,0,0,0,Matches
Leonardo Barroso,pt POR,DF,Chicago Fire,19-328,2005,3.0,4,1.35,4,0,0,0,0,0,2,0.67,2,0,0,0,0,0,Matches
Jacob Bartlett,us USA,MF,Sporting KC,19-211,2005,6.5,1,0.15,0,1,0,0,0,0,0,0.00,0,0,0,0,0,0,Matches
Lucas Bartlett,us USA,DF,D.C. United,27-284,1997,10.0,7,0.70,7,0,0,0,0,0,1,0.10,1,0,0,0,0,0,Matches
Ethan Bartlow,us USA,DF,Houston Dynamo,25-093,2000,4.3,5,1.16,2,0,1,1,0,1,0,0.00,0,0,0,0,0,0,Matches
Cole Bassett,us USA,"MF,FW",Colorado Rapids,23-282,2001,9.4,29,3.08,25,1,0,2,0,1,4,0.42,4,0,0,0,0,0,Matches
Sam Bassett,us USA,MF,Colorado Rapids,22-023,2003,0.1,0,0.00,0,0,0,0,0,0,0,0.00,0,0,0,0,0,0,Matches
Amine Bassi,fr FRA,"MF,FW",Houston Dynamo,27-160,1997,10.0,25,2.49,20,1,0,1,2,1,2,0.20,1,0,0,1,0,0,Matches
Zorhan Bassong,ca CAN,MF,Sporting KC,25-364,1999,3.5,4,1.15,4,0,0,0,0,0,0,0.00,0,0,0,0,0,0,Matches
Andy Batioja,co COL,FW,Houston Dynamo,19-095,2006,0.1,0,0.00,0,0,0,0,0,0,0,0.00,0,0,0,0,0,0,Matches
Josh Bauer,us USA,DF,Nashville SC,26-288,1998,2.4,6,2.54,6,0,0,0,0,0,1,0.42,1,0,0,0,0,0,Matches
Timo Baumgartl,de GER,DF,St. Louis,29-063,1996,4.2,2,0.48,2,0,0,0,0,0,1,0.24,1,0,0,0,0,0,Matches
Tanner Beason,us USA,DF,NE Revolution,28-044,1997,4.6,2,0.43,2,0,0,0,0,0,0,0.00,0,0,0,0,0,0,Matches
Adam Beaudry,us USA,GK,Colorado Rapids,19-018,2006,1.0,0,0.00,0,0,0,0,0,0,0,0.00,0,0,0,0,0,0,Matches
Simon Becher,us USA,"FW,MF",St. Louis,25-290,1999,5.0,19,3.77,12,0,1,3,2,1,1,0.20,1,0,0,0,0,0,Matches
Alejandro Bedoya,us USA,"MF,FW",Philadelphia Union,38-007,1987,0.8,3,3.97,3,0,0,0,0,0,1,1.32,1,0,0,0,0,0,Matches
Jon Bell,jm JAM,DF,Seattle Sounders,27-253,1997,4.1,5,1.21,5,0,0,0,0,0,2,0.48,2,0,0,0,0,0,Matches
Ramiro Benetti,br BRA,MF,FC Dallas,31-349,1993,10.0,11,1.10,9,0,0,0,2,0,1,0.10,1,0,0,0,0,0,Matches
Christian Benteke,be BEL,FW,D.C. United,34-154,1990,9.0,20,2.22,13,0,0,7,0,0,1,0.11,1,0,0,0,0,0,Matches
Sebastian Berhalter,us USA,MF,Vancouver W'caps,23-354,2001,8.4,36,4.31,19,14,0,2,0,1,2,0.24,2,0,0,0,0,0,Matches
Federico Bernardeschi,it ITA,"FW,MF",Toronto FC,31-079,1994,10.8,37,3.44,27,4,2,3,1,0,3,0.28,2,1,0,0,0,0,Matches
Miguel Berry,es ESP,FW,LA Galaxy,27-232,1997,3.8,7,1.84,7,0,0,0,0,0,2,0.53,2,0,0,0,0,0,Matches
Pep Biel,es ESP,"FW,MF",Charlotte,28-243,1996,8.5,32,3.75,26,4,1,1,0,0,7,0.82,5,1,1,0,0,0,Matches
Player,Nation,Pos,Squad,Age,Born,90s,SCA,SCA90,PassLive,PassDead,TO,Sh,Fld,Def,GCA,GCA90,PassLive,PassDead,TO,Sh,Fld,Def,Matches
Guilherme Biro,br BRA,DF,Austin,25-005,2000,10.1,21,2.07,18,2,1,0,0,0,1,0.10,1,0,0,0,0,0,Matches
Tristan Blackmon,us USA,DF,Vancouver W'caps,28-267,1996,9.1,11,1.21,9,2,0,0,0,0,1,0.11,1,0,0,0,0,0,Matches
Andre Blake,jm JAM,GK,Philadelphia Union,34-166,1990,9.0,1,0.11,0,1,0,0,0,0,0,0.00,0,0,0,0,0,0,Matches
Emmanuel Boateng,gh GHA,FW,San Diego FC,31-109,1994,0.8,3,3.60,3,0,0,0,0,0,0,0.00,0,0,0,0,0,0,Matches
Wiktor Bogacz,pl POL,"DF,FW",NY Red Bulls,20-296,2004,0.5,1,2.05,1,0,0,0,0,0,0,0.00,0,0,0,0,0,0,Matches
Luca Bombino,us USA,DF,San Diego FC,18-300,2006,3.5,5,1.41,4,0,0,0,1,0,0,0.00,0,0,0,0,0,0,Matches
Jonathan Bond,eng ENG,GK,Houston Dynamo,31-352,1993,3.0,0,0.00,0,0,0,0,0,0,0,0.00,0,0,0,0,0,0,Matches
Denis Bouanga,ga GAB,FW,LAFC,30-176,1994,9.4,48,5.13,20,6,7,8,6,1,7,0.75,4,0,0,2,1,0,Matches
Ousseni Bouda,bf BFA,"FW,MF",SJ Earthquakes,25-008,2000,4.7,19,4.06,13,0,1,2,2,1,1,0.21,1,0,0,0,0,0,Matches
Giuseppe Bovalina,au AUS,DF,Vancouver W'caps,20-176,2004,1.3,2,1.57,1,0,0,1,0,0,1,0.78,1,0,0,0,0,0,Matches
Michael Boxall,nz NZL,DF,Minnesota Utd,36-261,1988,9.0,10,1.11,9,1,0,0,0,0,1,0.11,1,0,0,0,0,0,Matches
Christopher Brady,us USA,GK,Chicago Fire,21-064,2004,10.4,0,0.00,0,0,0,0,0,0,0,0.00,0,0,0,0,0,0,Matches
Claudio Bravo,ar ARG,DF,Portland Timbers,28-054,1997,1.4,3,2.16,3,0,0,0,0,0,0,0.00,0,0,0,0,0,0,Matches
David Brekalo,si SVN,DF,Orlando City,26-154,1998,6.4,12,1.88,9,0,1,1,0,1,1,0.16,1,0,0,0,0,0,Matches
Luke Brennan,us USA,FW,Atlanta Utd,20-071,2005,0.0,0,0.00,0,0,0,0,0,0,0,0.00,0,0,0,0,0,0,Matches
Sebastian Breza,ca CAN,GK,CF Montréal,27-052,1998,1.0,0,0.00,0,0,0,0,0,0,0,0.00,0,0,0,0,0,0,Matches
Yannick Bright,it ITA,MF,Inter Miami,23-245,2001,5.7,2,0.35,2,0,0,0,0,0,1,0.17,1,0,0,0,0,0,Matches
Andrew Brody,us USA,DF,Sporting KC,30-003,1995,0.9,1,1.06,1,0,0,0,0,0,1,1.06,1,0,0,0,0,0,Matches
Brandt Bronico,us USA,MF,Charlotte,29-320,1995,9.2,10,1.09,7,0,1,1,1,0,2,0.22,0,0,1,0,1,0,Matches
Lachlan Brook,au AUS,FW,Real Salt Lake,24-087,2001,1.1,3,2.73,2,0,0,1,0,0,0,0.00,0,0,0,0,0,0,Matches
Javain Brown,jm JAM,DF,Real Salt Lake,26-058,1999,2.2,2,0.93,0,1,0,1,0,0,0,0.00,0,0,0,0,0,0,Matches
Tristan Brown,us USA,DF,Columbus Crew,17-201,2007,0.2,1,5.00,1,0,0,0,0,0,0,0.00,0,0,0,0,0,0,Matches
Gastón Brugman,uy URU,MF,Nashville SC,32-241,1992,4.0,16,4.01,14,0,1,0,1,0,2,0.50,2,0,0,0,0,0,Matches
Ola Brynhildsen,no NOR,"FW,MF",Toronto FC,26-009,1999,2.7,4,1.47,1,0,1,0,2,0,0,0.00,0,0,0,0,0,0,Matches
Pavel Bucha,cz CZE,MF,FC Cincinnati,27-056,1998,9.4,34,3.63,28,2,2,0,1,1,3,0.32,2,0,1,0,0,0,Matches
Player,Nation,Pos,Squad,Age,Born,90s,SCA,SCA90,PassLive,PassDead,TO,Sh,Fld,Def,GCA,GCA90,PassLive,PassDead,TO,Sh,Fld,Def,Matches
Noel Buck,eng ENG,"MF,DF",NE Revolution,20-031,2005,0.3,0,0.00,0,0,0,0,0,0,0,0.00,0,0,0,0,0,0,Matches
Noel Buck,eng ENG,MF,SJ Earthquakes,20-031,2005,0.0,1,90.00,1,0,0,0,0,0,0,0.00,0,0,0,0,0,0,Matches
Dawid Bugaj,pl POL,DF,CF Montréal,20-301,2004,2.5,1,0.41,1,0,0,0,0,0,0,0.00,0,0,0,0,0,0,Matches
Osman Bukari,gh GHA,"MF,FW",Austin,26-144,1998,8.2,32,3.89,24,0,3,4,1,0,2,0.24,1,0,1,0,0,0,Matches
Teal Bunbury,us USA,"FW,MF",Nashville SC,35-068,1990,0.6,1,1.58,0,0,0,1,0,0,0,0.00,0,0,0,0,0,0,Matches
Roman Bürki,ch SUI,GK,St. Louis,34-173,1990,3.0,0,0.00,0,0,0,0,0,0,0,0.00,0,0,0,0,0,0,Matches
Evan Bush,us USA,GK,Columbus Crew,39-061,1986,1.0,0,0.00,0,0,0,0,0,0,0,0.00,0,0,0,0,0,0,Matches
Sergio Busquets,es ESP,MF,Inter Miami,36-294,1988,8.9,19,2.13,15,2,0,0,2,0,1,0.11,0,1,0,0,0,0,Matches
Brandon Bye,us USA,DF,NE Revolution,29-158,1995,3.1,5,1.63,4,1,0,0,0,0,0,0.00,0,0,0,0,0,0,Matches
Nathan Byrne,eng ENG,DF,Charlotte,32-335,1992,8.0,9,1.13,9,0,0,0,0,0,0,0.00,0,0,0,0,0,0,Matches
Kevin Cabral,fr FRA,"FW,MF",Colorado Rapids,25-300,1999,6.3,7,1.11,5,0,0,1,1,0,0,0.00,0,0,0,0,0,0,Matches
Rafael Cabral,br BRA,GK,Real Salt Lake,34-351,1990,11.0,3,0.27,2,1,0,0,0,0,0,0.00,0,0,0,0,0,0,Matches
Noel Caliskan,de GER,"DF,MF",Real Salt Lake,24-250,2000,0.2,1,4.29,1,0,0,0,0,0,0,0.00,0,0,0,0,0,0,Matches
Drake Callender,us USA,GK,Inter Miami,27-211,1997,2.1,0,0.00,0,0,0,0,0,0,0,0.00,0,0,0,0,0,0,Matches
Leonardo Campana,ec ECU,FW,NE Revolution,24-286,2000,4.9,13,2.66,9,1,1,2,0,0,2,0.41,2,0,0,0,0,0,Matches
George Campbell,us USA,DF,CF Montréal,23-318,2001,8.9,16,1.79,11,0,0,4,1,0,1,0.11,0,0,0,1,0,0,Matches
Reggie Cannon,us USA,DF,Colorado Rapids,26-329,1998,7.3,6,0.82,5,0,0,0,1,0,0,0.00,0,0,0,0,0,0,Matches
Gustavo Caraballo,us USA,"MF,FW",Orlando City,16-250,2008,0.2,3,19.29,2,1,0,0,0,0,0,0.00,0,0,0,0,0,0,Matches
Felipe Carballo,uy URU,MF,NY Red Bulls,28-214,1996,5.9,20,3.42,14,3,1,0,2,0,4,0.68,4,0,0,0,0,0,Matches
Wikelman Carmona,ve VEN,"FW,MF",NY Red Bulls,22-071,2003,4.9,7,1.42,4,0,1,1,1,0,0,0.00,0,0,0,0,0,0,Matches
Maximo Carrizo,us USA,FW,NYCFC,17-067,2008,0.2,0,0.00,0,0,0,0,0,0,0,0.00,0,0,0,0,0,0,Matches
Julio Cascante,cr CRC,DF,Austin,31-215,1993,3.5,3,0.87,3,0,0,0,0,0,1,0.29,1,0,0,0,0,0,Matches
Nico Cavallo,us USA,"DF,MF",NYCFC,23-130,2001,1.4,1,0.69,1,0,0,0,0,0,0,0.00,0,0,0,0,0,0,Matches
Brayan Ceballos,co COL,DF,NE Revolution,23-347,2001,9.0,5,0.56,4,0,0,1,0,0,0,0.00,0,0,0,0,0,0,Matches
Roman Celentano,us USA,GK,FC Cincinnati,24-234,2000,11.0,2,0.18,1,1,0,0,0,0,0,0.00,0,0,0,0,0,0,Matches
Player,Nation,Pos,Squad,Age,Born,90s,SCA,SCA90,PassLive,PassDead,TO,Sh,Fld,Def,GCA,GCA90,PassLive,PassDead,TO,Sh,Fld,Def,Matches
Edwin Cerrillo,us USA,MF,LA Galaxy,24-215,2000,9.6,16,1.66,15,1,0,0,0,0,1,0.10,1,0,0,0,0,0,Matches
Dylan Chambost,fr FRA,"MF,FW",Columbus Crew,27-260,1997,10.8,34,3.14,25,3,0,1,3,2,3,0.28,3,0,0,0,0,0,Matches
Tomás Chancalay,ar ARG,FW,NE Revolution,26-125,1999,0.8,1,1.25,1,0,0,0,0,0,0,0.00,0,0,0,0,0,0,Matches
Maxime Chanot,lu LUX,DF,LAFC,35-166,1989,0.7,0,0.00,0,0,0,0,0,0,0,0.00,0,0,0,0,0,0,Matches
Diego Chará,co COL,MF,Portland Timbers,39-031,1986,6.9,7,1.01,6,0,0,0,0,1,0,0.00,0,0,0,0,0,0,Matches
Gabriel Chaves,br BRA,"FW,MF",LA Galaxy,24-084,2001,9.8,29,2.96,14,5,4,5,1,0,2,0.20,2,0,0,0,0,0,Matches
Yevhen Cheberko,ua UKR,DF,Columbus Crew,27-103,1998,8.5,9,1.06,6,1,0,0,1,1,0,0.00,0,0,0,0,0,0,Matches
Ștefan Chirilă,ro ROU,MF,FC Cincinnati,18-111,2007,0.1,1,11.25,1,0,0,0,0,0,0,0.00,0,0,0,0,0,0,Matches
Dominik Chong Qui,us USA,DF,Atlanta Utd,17-128,2007,0.7,1,1.53,1,0,0,0,0,0,0,0.00,0,0,0,0,0,0,Matches
Léo Chú,br BRA,"FW,MF",FC Dallas,25-030,2000,2.3,3,1.29,3,0,0,0,0,0,0,0.00,0,0,0,0,0,0,Matches
Markus Cimermancic,ca CAN,"DF,MF",Toronto FC,20-217,2004,2.4,3,1.23,3,0,0,0,0,0,0,0.00,0,0,0,0,0,0,Matches
Caden Clark,us USA,"FW,MF",CF Montréal,21-344,2003,7.6,15,1.98,8,1,0,4,1,1,2,0.26,1,0,0,1,0,0,Matches
Noah Cobb,us USA,"DF,FW",Atlanta Utd,19-290,2005,2.8,1,0.36,1,0,0,0,0,0,0,0.00,0,0,0,0,0,0,Matches
Alonso Coello,es ESP,MF,Toronto FC,25-206,1999,6.0,13,2.17,10,3,0,0,0,0,1,0.17,1,0,0,0,0,0,Matches
Michael Collodi,us USA,GK,FC Dallas,23-346,2001,1.0,0,0.00,0,0,0,0,0,0,0,0.00,0,0,0,0,0,0,Matches
Theo Corbeanu,ca CAN,"FW,MF",Toronto FC,22-354,2002,6.6,17,2.59,15,0,1,1,0,0,1,0.15,0,0,1,0,0,0,Matches
Matthew Corcoran,us USA,MF,Nashville SC,19-078,2006,1.6,2,1.22,1,0,0,0,0,1,0,0.00,0,0,0,0,0,0,Matches
Carlos Coronel,py PAR,GK,NY Red Bulls,28-128,1996,10.0,1,0.10,1,0,0,0,0,0,0,0.00,0,0,0,0,0,0,Matches
David Costa,pt POR,"MF,FW",Portland Timbers,24-121,2001,10.3,47,4.57,35,11,1,0,0,0,7,0.68,7,0,0,0,0,0,Matches
Vitor Costa,br BRA,DF,SJ Earthquakes,30-309,1994,4.8,13,2.68,9,0,0,2,2,0,1,0.21,1,0,0,0,0,0,Matches
Brandan Craig,us USA,DF,CF Montréal,21-029,2004,1.2,1,0.84,1,0,0,0,0,0,0,0.00,0,0,0,0,0,0,Matches
Ben Cremaschi,us USA,"MF,FW",Inter Miami,20-065,2005,6.5,11,1.69,7,4,0,0,0,0,2,0.31,1,1,0,0,0,0,Matches
Maxime Crépeau,ca CAN,GK,Portland Timbers,30-360,1994,2.0,0,0.00,0,0,0,0,0,0,0,0.00,0,0,0,0,0,0,Matches
Andrés Cubas,py PAR,MF,Vancouver W'caps,28-349,1996,7.9,12,1.52,11,0,0,0,0,1,1,0.13,1,0,0,0,0,0,Matches
Mauricio Cuevas,us USA,"MF,DF",LA Galaxy,22-085,2003,0.3,1,3.60,1,0,0,0,0,0,0,0.00,0,0,0,0,0,0,Matches
Player,Nation,Pos,Squad,Age,Born,90s,SCA,SCA90,PassLive,PassDead,TO,Sh,Fld,Def,GCA,GCA90,PassLive,PassDead,TO,Sh,Fld,Def,Matches
Christopher Cupps,us USA,DF,Chicago Fire,16-345,2008,1.2,0,0.00,0,0,0,0,0,0,0,0.00,0,0,0,0,0,0,Matches
Hugo Cuypers,be BEL,FW,Chicago Fire,28-088,1997,9.9,24,2.42,14,0,3,5,2,0,4,0.40,2,0,1,0,1,0,Matches
Bruno Damiani,uy URU,FW,Philadelphia Union,23-018,2002,5.3,20,3.78,15,0,0,4,1,0,2,0.38,1,0,0,1,0,0,Matches
Dagur Dan Þórhallsson,is ISL,"MF,DF",Orlando City,25-004,2000,4.4,9,2.04,8,0,0,0,1,0,1,0.23,0,0,0,0,1,0,Matches
Daniel,br BRA,GK,SJ Earthquakes,31-000,1994,9.2,3,0.33,3,0,0,0,0,0,0,0.00,0,0,0,0,0,0,Matches
Jesús Daniel Bueno,ve VEN,MF,Philadelphia Union,26-021,1999,0.9,2,2.20,1,0,0,0,0,1,0,0.00,0,0,0,0,0,0,Matches
Héctor David Martínez,py PAR,"DF,FW",Inter Miami,27-105,1998,1.1,0,0.00,0,0,0,0,0,0,0,0.00,0,0,0,0,0,0,Matches
Juan David Mosquera,co COL,DF,Portland Timbers,22-243,2002,5.8,8,1.37,8,0,0,0,0,0,0,0.00,0,0,0,0,0,0,Matches
Bode Davis,us USA,DF,Real Salt Lake,23-073,2002,5.8,14,2.42,14,0,0,0,0,0,1,0.17,1,0,0,0,0,0,Matches
Jake Davis,us USA,"DF,MF",Sporting KC,23-123,2002,8.0,12,1.50,9,2,1,0,0,0,2,0.25,2,0,0,0,0,0,Matches
Pedro De la Vega,ar ARG,"MF,FW",Seattle Sounders,24-088,2001,3.9,16,4.13,10,0,3,3,0,0,2,0.52,1,0,0,1,0,0,Matches
Osaze De Rosario,gy GUY,FW,Seattle Sounders,23-291,2001,0.1,0,0.00,0,0,0,0,0,0,0,0.00,0,0,0,0,0,0,Matches
Jonathan Dean,us USA,DF,Chicago Fire,27-356,1997,4.3,10,2.33,8,2,0,0,0,0,0,0.00,0,0,0,0,0,0,Matches
Marky Delgado,us USA,MF,LAFC,29-355,1995,8.2,28,3.40,24,1,0,2,0,1,3,0.36,3,0,0,0,0,0,Matches
Patrickson Delgado,ec ECU,"FW,MF",FC Dallas,21-201,2003,3.3,5,1.50,5,0,0,0,0,0,0,0.00,0,0,0,0,0,0,Matches
Kévin Denkey,tg TOG,FW,FC Cincinnati,24-157,2000,9.2,22,2.38,16,0,1,2,2,1,0,0.00,0,0,0,0,0,0,Matches
Mikkel Desler,dk DEN,DF,Austin,30-076,1995,2.6,6,2.27,6,0,0,0,0,0,0,0.00,0,0,0,0,0,0,Matches
Djibril Diani,fr FRA,MF,Charlotte,27-084,1998,2.4,6,2.45,6,0,0,0,0,0,0,0.00,0,0,0,0,0,0,Matches
Jefferson Díaz,co COL,DF,Minnesota Utd,24-152,2000,6.7,11,1.64,10,0,0,1,0,0,2,0.30,2,0,0,0,0,0,Matches
Luis Díaz,cr CRC,"FW,MF",NE Revolution,26-151,1998,1.0,5,4.79,2,0,0,1,2,0,1,0.96,0,0,0,1,0,0,Matches
Hamady Diop,sn SEN,DF,San Diego FC,22-334,2002,2.2,8,3.67,7,0,0,1,0,0,1,0.46,1,0,0,0,0,0,Matches
Innocent Dje,ci CIV,MF,Chicago Fire,22-001,2003,1.1,1,0.92,1,0,0,0,0,0,0,0.00,0,0,0,0,0,0,Matches
Derek Dodson,us USA,"DF,MF",D.C. United,26-184,1998,2.0,6,2.93,4,0,2,0,0,0,1,0.49,1,0,0,0,0,0,Matches
Maxime Dominguez,ch SUI,MF,Toronto FC,29-094,1996,1.4,2,1.41,2,0,0,0,0,0,0,0.00,0,0,0,0,0,0,Matches
Ronald Donkor,ml MLI,MF,NY Red Bulls,20-167,2004,1.1,2,1.87,2,0,0,0,0,0,0,0.00,0,0,0,0,0,0,Matches
Player,Nation,Pos,Squad,Age,Born,90s,SCA,SCA90,PassLive,PassDead,TO,Sh,Fld,Def,GCA,GCA90,PassLive,PassDead,TO,Sh,Fld,Def,Matches
Christopher Donovan,us USA,FW,Philadelphia Union,24-271,2000,1.5,8,5.45,5,0,0,1,2,0,2,1.36,2,0,0,0,0,0,Matches
Griffin Dorsey,us USA,DF,Houston Dynamo,26-062,1999,10.9,18,1.65,16,0,2,0,0,0,3,0.27,3,0,0,0,0,0,Matches
C.J. dos Santos,us USA,GK,San Diego FC,24-255,2000,11.0,2,0.18,2,0,0,0,0,0,0,0.00,0,0,0,0,0,0,Matches
Hassani Dotson,us USA,MF,Minnesota Utd,27-273,1997,4.1,8,1.94,7,0,1,0,0,0,0,0.00,0,0,0,0,0,0,Matches
Souleyman Doumbia,ci CIV,DF,Charlotte,28-224,1996,3.5,0,0.00,0,0,0,0,0,0,0,0.00,0,0,0,0,0,0,Matches
Anders Dreyer,dk DEN,FW,San Diego FC,27-004,1998,10.6,48,4.52,30,10,3,3,2,0,7,0.66,5,2,0,0,0,0,Matches
Nicolás Dubersarsky,ar ARG,MF,Austin,20-136,2004,0.8,2,2.43,2,0,0,0,0,0,0,0.00,0,0,0,0,0,0,Matches
Erik Duenas,us USA,"MF,FW",Houston Dynamo,20-200,2004,0.8,3,3.75,3,0,0,0,0,0,1,1.25,1,0,0,0,0,0,Matches
Morris Duggan,de GER,DF,Minnesota Utd,24-194,2000,6.4,6,0.94,6,0,0,0,0,0,1,0.16,1,0,0,0,0,0,Matches
Bryce Duke,us USA,"MF,FW",CF Montréal,24-067,2001,4.7,18,3.82,10,2,1,3,2,0,0,0.00,0,0,0,0,0,0,Matches
Kyle Duncan,us USA,DF,NY Red Bulls,27-271,1997,2.0,2,1.00,1,1,0,0,0,0,0,0.00,0,0,0,0,0,0,Matches
Chris Durkin,us USA,"MF,FW",St. Louis,25-087,2000,3.8,3,0.80,3,0,0,0,0,0,0,0.00,0,0,0,0,0,0,Matches
Jeremy Ebobisse,us USA,FW,LAFC,28-081,1997,2.8,6,2.13,3,0,1,2,0,0,0,0.00,0,0,0,0,0,0,Matches
Daniel Edelman,us USA,MF,NY Red Bulls,22-008,2003,6.9,10,1.45,8,0,0,0,2,0,1,0.14,1,0,0,0,0,0,Matches
Earl Edwards Jr.,us USA,GK,SJ Earthquakes,33-102,1992,1.8,0,0.00,0,0,0,0,0,0,0,0.00,0,0,0,0,0,0,Matches
Matthew Edwards,us USA,DF,Atlanta Utd,22-078,2003,4.8,13,2.68,13,0,0,0,0,0,1,0.21,1,0,0,0,0,0,Matches
Michael Edwards,us USA,DF,Colorado Rapids,24-160,2000,0.3,0,0.00,0,0,0,0,0,0,0,0.00,0,0,0,0,0,0,Matches
Raheem Edwards,ca CAN,DF,NY Red Bulls,29-295,1995,3.9,8,2.05,6,1,0,0,1,0,2,0.51,1,0,0,0,1,0,Matches
Noah Eile,se SWE,DF,NY Red Bulls,22-291,2002,10.5,15,1.43,14,0,1,0,0,0,1,0.10,1,0,0,0,0,0,Matches
Jack Elliott,eng ENG,DF,Chicago Fire,29-254,1995,10.0,7,0.70,5,0,0,2,0,0,3,0.30,1,0,0,2,0,0,Matches
Emeka Eneli,us USA,MF,Real Salt Lake,25-200,1999,9.5,25,2.63,18,1,3,1,2,0,1,0.11,1,0,0,0,0,0,Matches
Lukas Engel,dk DEN,DF,FC Cincinnati,26-143,1998,10.3,23,2.25,20,0,1,2,0,0,3,0.29,2,0,0,1,0,0,Matches
Boris Enow,cm CMR,MF,D.C. United,25-037,2000,5.6,11,1.96,9,0,1,0,0,1,1,0.18,0,0,0,0,0,1,Matches
Ramiro Enrique,ar ARG,"FW,MF",Orlando City,24-002,2001,2.3,2,0.87,2,0,0,0,0,0,1,0.44,1,0,0,0,0,0,Matches
Franco Escobar,ar ARG,DF,Houston Dynamo,30-074,1995,8.9,10,1.13,7,2,0,0,1,0,1,0.11,1,0,0,0,0,0,Matches
Player,Nation,Pos,Squad,Age,Born,90s,SCA,SCA90,PassLive,PassDead,TO,Sh,Fld,Def,GCA,GCA90,PassLive,PassDead,TO,Sh,Fld,Def,Matches
Cristian Espinoza,ar ARG,"DF,MF",SJ Earthquakes,30-033,1995,11.0,80,7.27,52,22,4,1,1,0,11,1.00,7,3,0,0,1,0,Matches
Derrick Etienne,ht HAI,FW,Toronto FC,28-162,1996,3.1,3,0.97,3,0,0,0,0,0,1,0.32,1,0,0,0,0,0,Matches
Evander,br BRA,"MF,FW",FC Cincinnati,26-331,1998,8.0,38,4.75,22,5,4,1,6,0,4,0.50,1,0,1,0,2,0,Matches
Diego Fagúndez,uy URU,"FW,MF",LA Galaxy,30-081,1995,9.9,38,3.83,27,9,1,0,1,0,0,0.00,0,0,0,0,0,0,Matches
Maximiliano Falcón,uy URU,DF,Inter Miami,28-005,1997,4.2,0,0.00,0,0,0,0,0,0,0,0.00,0,0,0,0,0,0,Matches
Marco Farfan,us USA,DF,FC Dallas,26-175,1998,5.2,7,1.35,5,1,0,0,1,0,0,0.00,0,0,0,0,0,0,Matches
Logan Farrington,us USA,FW,FC Dallas,23-143,2001,5.7,10,1.75,7,0,0,1,2,0,1,0.17,1,0,0,0,0,0,Matches
Mohamed Farsi,dz ALG,"DF,MF",Columbus Crew,25-141,1999,8.9,27,3.04,25,1,0,1,0,0,5,0.56,5,0,0,0,0,0,Matches
Ilay Feingold,il ISR,"DF,FW",NE Revolution,20-256,2004,9.0,16,1.78,12,1,1,0,2,0,0,0.00,0,0,0,0,0,0,Matches
Joaquín Fernández,es ESP,DF,Sporting KC,28-340,1996,6.2,3,0.49,3,0,0,0,0,0,2,0.32,2,0,0,0,0,0,Matches
Julián Fernández,ar ARG,"FW,MF",NYCFC,21-123,2004,5.6,19,3.39,17,0,0,2,0,0,2,0.36,2,0,0,0,0,0,Matches
Omir Fernandez,us USA,"MF,FW",Colorado Rapids,26-087,1999,2.0,13,6.43,11,0,1,1,0,0,2,0.99,2,0,0,0,0,0,Matches
Omir Fernandez,us USA,"MF,FW",Portland Timbers,26-087,1999,0.4,1,2.57,1,0,0,0,0,0,0,0.00,0,0,0,0,0,0,Matches
Jesús Ferreira,us USA,"FW,MF",Seattle Sounders,24-133,2000,7.3,22,3.01,20,0,0,2,0,0,4,0.55,3,0,0,1,0,0,Matches
Nicolas Fleuriau,ca CAN,"DF,FW",Vancouver W'caps,22-350,2002,0.1,3,33.75,0,0,1,0,1,1,0,0.00,0,0,0,0,0,0,Matches
Deybi Flores,hn HON,MF,Toronto FC,28-324,1996,7.7,9,1.16,9,0,0,0,0,0,1,0.13,1,0,0,0,0,0,Matches
Gilberto Flores,py PAR,DF,FC Cincinnati,22-035,2003,6.6,6,0.91,4,0,0,0,1,1,0,0.00,0,0,0,0,0,0,Matches
Max Floriani,us USA,DF,SJ Earthquakes,22-089,2003,1.8,2,1.10,1,0,0,0,1,0,0,0.00,0,0,0,0,0,0,Matches
CJ Fodrey,us USA,"FW,MF",Austin,21-085,2004,0.7,5,7.38,4,0,1,0,0,0,1,1.48,1,0,0,0,0,0,Matches
Mamadou Fofana,ml MLI,DF,NE Revolution,27-105,1998,9.9,4,0.40,4,0,0,0,0,0,0,0.00,0,0,0,0,0,0,Matches
Emil Forsberg,se SWE,MF,NY Red Bulls,33-195,1991,10.7,36,3.38,23,8,0,1,4,0,4,0.38,3,0,0,1,0,0,Matches
Ajani Fortune,tt TRI,"MF,FW",Atlanta Utd,22-127,2002,4.0,17,4.20,13,1,0,1,2,0,0,0.00,0,0,0,0,0,0,Matches
Jimer Fory,co COL,"DF,MF",Portland Timbers,22-347,2002,8.6,8,0.93,6,2,0,0,0,0,2,0.23,1,1,0,0,0,0,Matches
Kobe Franklin,ca CAN,DF,Toronto FC,21-361,2003,0.6,2,3.16,1,1,0,0,0,0,0,0.00,0,0,0,0,0,0,Matches
Ian Fray,us USA,DF,Inter Miami,22-248,2002,4.7,5,1.06,2,0,1,0,2,0,1,0.21,1,0,0,0,0,0,Matches
Player,Nation,Pos,Squad,Age,Born,90s,SCA,SCA90,PassLive,PassDead,TO,Sh,Fld,Def,GCA,GCA90,PassLive,PassDead,TO,Sh,Fld,Def,Matches
Wayne Frederick,tt TRI,MF,Colorado Rapids,20-327,2004,1.5,0,0.00,0,0,0,0,0,0,0,0.00,0,0,0,0,0,0,Matches
Alexander Freeman,us USA,DF,Orlando City,20-270,2004,10.4,27,2.60,24,0,1,2,0,0,1,0.10,1,0,0,0,0,0,Matches
Matt Freese,us USA,GK,NYCFC,26-246,1998,11.0,2,0.18,2,0,0,0,0,0,0,0.00,0,0,0,0,0,0,Matches
Stefan Frei,ch SUI,GK,Seattle Sounders,39-016,1986,10.0,1,0.10,0,1,0,0,0,0,0,0.00,0,0,0,0,0,0,Matches
Julian Gaines,us USA,FW,Nashville SC,22-182,2002,0.1,0,0.00,0,0,0,0,0,0,0,0.00,0,0,0,0,0,0,Matches
Jeffrey Gal,us USA,GK,Chicago Fire,32-030,1993,0.6,0,0.00,0,0,0,0,0,0,0,0.00,0,0,0,0,0,0,Matches
Jon Gallagher,ie IRL,DF,Austin,29-072,1996,8.4,11,1.30,10,1,0,0,0,0,0,0.00,0,0,0,0,0,0,Matches
Pedro Gallese,pe PER,GK,Orlando City,35-072,1990,10.0,1,0.10,1,0,0,0,0,0,0,0.00,0,0,0,0,0,0,Matches
Ignatius Ganago,cm CMR,"FW,MF",NE Revolution,26-079,1999,9.3,13,1.39,10,0,0,1,1,1,3,0.32,2,0,0,0,1,0,Matches
Carlos Garcés,co COL,DF,LA Galaxy,23-207,2001,7.6,5,0.66,5,0,0,0,0,0,0,0.00,0,0,0,0,0,0,Matches
Manu García,es ESP,MF,Sporting KC,27-124,1998,10.4,42,4.05,24,5,5,2,4,2,8,0.77,4,0,0,2,1,1,Matches
Ryan Gauld,sct SCO,FW,Vancouver W'caps,29-141,1995,2.2,10,4.55,6,3,0,1,0,0,1,0.45,1,0,0,0,0,0,Matches
Dániel Gazdag,hu HUN,"MF,FW",Philadelphia Union,29-065,1996,5.5,22,4.01,19,0,0,0,2,1,3,0.55,3,0,0,0,0,0,Matches
Dániel Gazdag,hu HUN,"FW,MF",Columbus Crew,29-065,1996,2.5,10,4.00,9,0,0,0,1,0,2,0.80,1,0,0,0,1,0,Matches
Owen Géne,fr FRA,"MF,FW",Minnesota Utd,22-048,2003,1.1,1,0.88,1,0,0,0,0,0,0,0.00,0,0,0,0,0,0,Matches
Joran Gerbet,fr FRA,MF,Orlando City,23-310,2001,4.3,6,1.38,5,0,0,0,1,0,0,0.00,0,0,0,0,0,0,Matches
Carles Gil,es ESP,MF,NE Revolution,32-165,1992,10.0,53,5.32,32,10,5,1,4,1,3,0.30,1,0,0,0,2,0,Matches
Blake Gillingham,us USA,GK,Houston Dynamo,22-207,2002,3.3,1,0.31,1,0,0,0,0,0,0,0.00,0,0,0,0,0,0,Matches
Olivier Giroud,fr FRA,FW,LAFC,38-218,1986,4.6,12,2.60,9,0,0,1,2,0,3,0.65,1,0,0,1,1,0,Matches
Dennis Gjengaar,no NOR,"FW,MF",NY Red Bulls,21-071,2004,3.3,3,0.92,2,0,0,0,0,1,0,0.00,0,0,0,0,0,0,Matches
Justen Glad,us USA,DF,Real Salt Lake,28-067,1997,10.0,11,1.10,8,0,0,1,2,0,1,0.10,0,0,0,0,1,0,Matches
Omari Glasgow,gy GUY,"DF,FW",Chicago Fire,21-165,2003,5.3,11,2.07,9,0,0,1,1,0,0,0.00,0,0,0,0,0,0,Matches
Ian Glavinovich,ar ARG,DF,Philadelphia Union,23-191,2001,2.9,1,0.35,1,0,0,0,0,0,0,0.00,0,0,0,0,0,0,Matches
Jakob Glesnes,no NOR,DF,Philadelphia Union,31-042,1994,11.0,8,0.73,6,1,0,1,0,0,1,0.09,0,1,0,0,0,0,Matches
Aníbal Godoy,pa PAN,MF,San Diego FC,35-085,1990,8.0,16,2.01,13,0,0,0,3,0,4,0.50,2,0,0,0,2,0,Matches
Player,Nation,Pos,Squad,Age,Born,90s,SCA,SCA90,PassLive,PassDead,TO,Sh,Fld,Def,GCA,GCA90,PassLive,PassDead,TO,Sh,Fld,Def,Matches
Yeimar Gómez Andrade,co COL,DF,Seattle Sounders,32-310,1992,9.9,2,0.20,2,0,0,0,0,0,0,0.00,0,0,0,0,0,0,Matches
Nicksoen Gomis,fr FRA,DF,Toronto FC,23-052,2002,5.3,2,0.38,2,0,0,0,0,0,0,0.00,0,0,0,0,0,0,Matches
Diogo Gonçalves,pt POR,"FW,MF",Real Salt Lake,28-089,1997,9.2,30,3.27,19,4,1,5,1,0,4,0.44,3,0,0,1,0,0,Matches
Omar Gonzalez,us USA,"DF,MF",Chicago Fire,36-207,1988,0.8,0,0.00,0,0,0,0,0,0,0,0.00,0,0,0,0,0,0,Matches
Zavier Gozo,us USA,FW,Real Salt Lake,18-045,2007,2.9,8,2.78,8,0,0,0,0,0,0,0.00,0,0,0,0,0,0,Matches
Owen Graham Roache,ca CAN,FW,CF Montréal,17-084,2008,0.5,1,2.00,1,0,0,0,0,0,0,0.00,0,0,0,0,0,0,Matches
Tayvon Gray,jm JAM,DF,NYCFC,22-260,2002,2.4,6,2.50,6,0,0,0,0,0,0,0.00,0,0,0,0,0,0,Matches
Julian Gressel,us USA,MF,Minnesota Utd,31-141,1993,0.3,0,0.00,0,0,0,0,0,0,0,0.00,0,0,0,0,0,0,Matches
Yuri Guboglo,ht HAI,"DF,MF",CF Montréal,18-047,2007,5.1,7,1.36,6,0,1,0,0,0,0,0.00,0,0,0,0,0,0,Matches
Colin Guske,us USA,"FW,MF",Orlando City,18-097,2007,0.1,1,15.00,0,0,0,0,1,0,0,0.00,0,0,0,0,0,0,Matches
Brian Gutiérrez,us USA,MF,Chicago Fire,21-323,2003,6.1,29,4.72,22,0,2,3,0,2,2,0.33,1,0,0,1,0,0,Matches
Andrew Gutman,us USA,DF,Chicago Fire,28-216,1996,9.7,20,2.05,17,1,0,1,1,0,4,0.41,3,0,0,0,1,0,Matches
Brad Guzan,us USA,GK,Atlanta Utd,40-239,1984,11.0,2,0.18,2,0,0,0,0,0,0,0.00,0,0,0,0,0,0,Matches
Justin Haak,us USA,"DF,MF",NYCFC,23-236,2001,10.7,6,0.56,6,0,0,0,0,0,1,0.09,1,0,0,0,0,0,Matches
Taha Habroune,us USA,"MF,FW",Columbus Crew,19-090,2006,0.4,1,2.50,1,0,0,0,0,0,0,0.00,0,0,0,0,0,0,Matches
Alexander Hack,de GER,DF,NY Red Bulls,31-240,1993,5.4,9,1.68,8,0,0,1,0,0,0,0.00,0,0,0,0,0,0,Matches
Teenage Hadebe,zw ZIM,DF,FC Cincinnati,29-231,1995,3.3,1,0.30,1,0,0,0,0,0,0,0.00,0,0,0,0,0,0,Matches
Nick Hagglund,us USA,DF,FC Cincinnati,32-234,1992,5.5,3,0.55,3,0,0,0,0,0,1,0.18,1,0,0,0,0,0,Matches
Maren Haile-Selassie,ch SUI,"FW,MF",Chicago Fire,26-054,1999,1.8,7,3.89,7,0,0,0,0,0,2,1.11,2,0,0,0,0,0,Matches
Belal Halbouni,sy SYR,DF,Vancouver W'caps,25-128,1999,0.1,1,18.00,1,0,0,0,0,0,0,0.00,0,0,0,0,0,0,Matches
Julian Hall,us USA,"MF,FW",NY Red Bulls,17-043,2008,1.9,3,1.62,1,0,0,1,0,1,0,0.00,0,0,0,0,0,0,Matches
Bret Halsey,us USA,DF,FC Cincinnati,24-339,2000,0.4,1,2.73,1,0,0,0,0,0,0,0.00,0,0,0,0,0,0,Matches
Nicholas Hansen,dk DEN,GK,Colorado Rapids,23-300,2001,1.0,0,0.00,0,0,0,0,0,0,0,0.00,0,0,0,0,0,0,Matches
Ian Harkes,us USA,MF,SJ Earthquakes,30-037,1995,9.3,26,2.80,24,0,0,1,0,1,3,0.32,3,0,0,0,0,0,Matches
Cameron Harper,us USA,"DF,FW",NY Red Bulls,23-168,2001,3.5,9,2.57,5,0,2,0,2,0,0,0.00,0,0,0,0,0,0,Matches
Player,Nation,Pos,Squad,Age,Born,90s,SCA,SCA90,PassLive,PassDead,TO,Sh,Fld,Def,GCA,GCA90,PassLive,PassDead,TO,Sh,Fld,Def,Matches
Nathan Harriel,us USA,"DF,MF",Philadelphia Union,24-013,2001,6.5,6,0.93,5,1,0,0,0,0,0,0.00,0,0,0,0,0,0,Matches
Alex Harris,us USA,MF,Colorado Rapids,20-079,2005,0.0,0,0.00,0,0,0,0,0,0,0,0.00,0,0,0,0,0,0,Matches
Calvin Harris,eng ENG,"FW,MF",Colorado Rapids,25-047,2000,1.6,3,1.89,2,0,0,1,0,0,0,0.00,0,0,0,0,0,0,Matches
Marcel Hartel,de GER,MF,St. Louis,29-107,1996,10.9,42,3.85,25,12,0,4,1,0,1,0.09,1,0,0,0,0,0,Matches
Carlos Harvey,pa PAN,"DF,MF",Minnesota Utd,25-092,2000,5.2,4,0.77,3,0,0,0,1,0,0,0.00,0,0,0,0,0,0,Matches
Thomas Hasal,ca CAN,GK,LAFC,25-301,1999,1.0,0,0.00,0,0,0,0,0,0,0,0.00,0,0,0,0,0,0,Matches
Kobi Henry,us USA,"DF,FW",Real Salt Lake,21-010,2004,0.5,0,0.00,0,0,0,0,0,0,0,0.00,0,0,0,0,0,0,Matches
Fabian Herbers,de GER,"MF,FW",CF Montréal,31-262,1993,2.9,11,3.84,9,0,0,0,1,1,1,0.35,1,0,0,0,0,0,Matches
Ronald Hernández,ve VEN,"DF,FW",Atlanta Utd,27-227,1997,1.5,3,1.94,3,0,0,0,0,0,1,0.65,1,0,0,0,0,0,Matches
Aaron Herrera,gt GUA,"DF,MF",D.C. United,27-334,1997,9.7,29,2.98,17,10,1,1,0,0,3,0.31,2,0,1,0,0,0,Matches
Marcelo Herrera,ar ARG,DF,Columbus Crew,26-184,1998,3.4,10,2.96,8,0,2,0,0,0,1,0.30,1,0,0,0,0,0,Matches
Kyle Hiebert,ca CAN,DF,St. Louis,27-280,1997,10.6,8,0.76,7,1,0,0,0,0,1,0.09,1,0,0,0,0,0,Matches
Brendan Hines-Ike,us USA,DF,Austin,30-157,1994,10.0,4,0.40,4,0,0,0,0,0,0,0.00,0,0,0,0,0,0,Matches
Bongokuhle Hlongwane,za RSA,DF,Minnesota Utd,24-320,2000,10.5,31,2.96,25,0,3,1,2,0,4,0.38,3,0,0,0,1,0,Matches
Ryan Hollingshead,us USA,"DF,MF",LAFC,34-020,1991,8.0,24,3.00,20,0,0,1,1,2,1,0.12,0,0,0,1,0,0,Matches
Jannes Horn,de GER,DF,St. Louis,28-089,1997,7.2,11,1.53,9,0,0,1,1,0,1,0.14,1,0,0,0,0,0,Matches
Jung Hoyeon,kr KOR,MF,Minnesota Utd,24-220,2000,0.2,1,5.63,1,0,0,0,0,0,1,5.63,1,0,0,0,0,0,Matches
Keegan Hughes,us USA,FW,NE Revolution,24-288,2000,0.0,0,0.00,0,0,0,0,0,0,0,0.00,0,0,0,0,0,0,Matches
Sebastien Ibeagha,us USA,DF,FC Dallas,33-105,1992,10.5,3,0.29,3,0,0,0,0,0,0,0.00,0,0,0,0,0,0,Matches
Aliyu Ibrahim,ng NGA,"MF,FW",Houston Dynamo,23-110,2002,2.0,3,1.53,3,0,0,0,0,0,0,0.00,0,0,0,0,0,0,Matches
Aliyu Ibrahim,ng NGA,FW,Columbus Crew,23-110,2002,0.1,0,0.00,0,0,0,0,0,0,0,0.00,0,0,0,0,0,0,Matches
Sunusi Ibrahim,ng NGA,FW,CF Montréal,22-217,2002,0.6,2,3.21,1,0,1,0,0,0,0,0.00,0,0,0,0,0,0,Matches
Igor,br BRA,MF,LAFC,22-060,2003,8.7,11,1.26,8,0,0,2,1,0,1,0.11,1,0,0,0,0,0,Matches
Mitja Ilenič,si SVN,DF,NYCFC,20-131,2004,8.2,13,1.58,10,0,0,2,1,0,1,0.12,1,0,0,0,0,0,Matches
Milan Iloski,us USA,"MF,FW",San Diego FC,25-281,1999,0.8,7,9.13,5,0,2,0,0,0,2,2.61,2,0,0,0,0,0,Matches
Player,Nation,Pos,Squad,Age,Born,90s,SCA,SCA90,PassLive,PassDead,TO,Sh,Fld,Def,GCA,GCA90,PassLive,PassDead,TO,Sh,Fld,Def,Matches
Bjørn Inge Utvik,no NOR,DF,Vancouver W'caps,29-067,1996,2.9,1,0.35,1,0,0,0,0,0,0,0.00,0,0,0,0,0,0,Matches
Marcus Ingvartsen,dk DEN,FW,San Diego FC,29-122,1996,3.5,7,2.00,5,0,0,0,2,0,1,0.29,1,0,0,0,0,0,Matches
Lorenzo Insigne,it ITA,"MF,FW",Toronto FC,33-336,1991,5.2,15,2.91,10,2,0,2,1,0,2,0.39,2,0,0,0,0,0,Matches
Aljaž Ivačič,si SVN,GK,NE Revolution,31-128,1993,10.0,0,0.00,0,0,0,0,0,0,0,0.00,0,0,0,0,0,0,Matches
Ousman jabang,us USA,DF,CF Montréal,24-038,2001,1.0,1,1.02,1,0,0,0,0,0,0,0.00,0,0,0,0,0,0,Matches
Aziel Jackson,us USA,"MF,FW",Columbus Crew,23-194,2001,4.7,14,2.99,10,0,1,0,2,1,1,0.21,1,0,0,0,0,0,Matches
Robin Jansson,se SWE,DF,Orlando City,33-172,1991,9.0,6,0.67,6,0,0,0,0,0,0,0.00,0,0,0,0,0,0,Matches
Danley Jean-Jacques,ht HAI,MF,Philadelphia Union,24-351,2000,9.4,21,2.24,17,0,1,1,1,1,4,0.43,3,0,1,0,0,0,Matches
Julio Joao Ortíz,ec ECU,MF,Portland Timbers,29-005,1996,4.5,3,0.67,3,0,0,0,0,0,1,0.22,1,0,0,0,0,0,Matches
Sean Johnson,us USA,GK,Toronto FC,35-340,1989,11.0,0,0.00,0,0,0,0,0,0,0,0.00,0,0,0,0,0,0,Matches
Tate Johnson,us USA,DF,Vancouver W'caps,19-300,2005,6.5,14,2.16,11,1,0,0,1,1,1,0.15,1,0,0,0,0,0,Matches
DeJuan Jones,us USA,DF,Columbus Crew,27-316,1997,2.7,8,2.94,7,0,1,0,0,0,2,0.73,2,0,0,0,0,0,Matches
DeJuan Jones,us USA,DF,SJ Earthquakes,27-316,1997,1.3,6,4.66,6,0,0,0,0,0,2,1.55,2,0,0,0,0,0,Matches
Derrick Jones,us USA,MF,Columbus Crew,28-064,1997,0.0,0,0.00,0,0,0,0,0,0,0,0.00,0,0,0,0,0,0,Matches
Kim Joonhong,kr KOR,GK,D.C. United,21-337,2003,7.0,2,0.29,2,0,0,0,0,0,0,0.00,0,0,0,0,0,0,Matches
Dejan Joveljić,rs SRB,FW,Sporting KC,25-272,1999,10.1,18,1.79,15,0,1,1,1,0,1,0.10,1,0,0,0,0,0,Matches
Mykhi Joyner,us USA,"MF,FW",St. Louis,18-249,2006,0.8,2,2.47,2,0,0,0,0,0,0,0.00,0,0,0,0,0,0,Matches
Preston Judd,us USA,"FW,MF",SJ Earthquakes,25-343,1999,2.5,5,1.97,3,0,0,1,1,0,1,0.39,0,0,0,0,1,0,Matches
Anderson Julio,ec ECU,"FW,DF",FC Dallas,28-340,1996,6.9,11,1.60,7,0,4,0,0,0,2,0.29,1,0,1,0,0,0,Matches
Sam Junqua,us USA,DF,Real Salt Lake,28-178,1996,5.8,9,1.55,6,1,0,0,2,0,0,0.00,0,0,0,0,0,0,Matches
Mathias Jørgensen,dk DEN,DF,LA Galaxy,35-013,1990,6.3,5,0.80,4,0,0,1,0,0,2,0.32,1,0,0,1,0,0,Matches
Kristijan Kahlina,hr CRO,GK,Charlotte,32-286,1992,11.0,2,0.18,0,2,0,0,0,0,0,0.00,0,0,0,0,0,0,Matches
Kaick,br BRA,MF,FC Dallas,19-158,2005,3.9,7,1.82,6,0,0,1,0,0,1,0.26,0,0,0,1,0,0,Matches
Bernard Kamungo,us USA,FW,FC Dallas,23-125,2002,2.2,5,2.32,4,0,0,1,0,0,0,0.00,0,0,0,0,0,0,Matches
Bibi Karamoko,us USA,FW,D.C. United,19-186,2005,0.2,2,9.00,2,0,0,0,0,0,0,0.00,0,0,0,0,0,0,Matches
Player,Nation,Pos,Squad,Age,Born,90s,SCA,SCA90,PassLive,PassDead,TO,Sh,Fld,Def,GCA,GCA90,PassLive,PassDead,TO,Sh,Fld,Def,Matches
Alexandros Katranis,gr GRE,DF,Real Salt Lake,27-002,1998,6.9,30,4.32,18,9,2,1,0,0,2,0.29,2,0,0,0,0,0,Matches
Mark-Anthony Kaye,ca CAN,MF,SJ Earthquakes,30-155,1994,3.3,17,5.20,16,0,0,0,0,1,2,0.61,2,0,0,0,0,0,Matches
Kim Kee-hee,kr KOR,DF,Seattle Sounders,35-297,1989,3.5,2,0.57,0,1,0,1,0,0,0,0.00,0,0,0,0,0,0,Matches
Kevin Kelsy,ve VEN,FW,Portland Timbers,20-283,2004,4.8,6,1.24,3,0,0,1,2,0,1,0.21,0,0,0,1,0,0,Matches
Ryan Kent,eng ENG,"MF,FW",Seattle Sounders,28-176,1996,0.7,7,10.33,6,0,1,0,0,0,2,2.95,2,0,0,0,0,0,Matches
Deandre Kerr,ca CAN,FW,Toronto FC,22-168,2002,2.5,4,1.61,1,0,1,0,2,0,0,0.00,0,0,0,0,0,0,Matches
Henry Kessler,us USA,DF,St. Louis,26-315,1998,8.0,4,0.50,3,0,0,1,0,0,0,0.00,0,0,0,0,0,0,Matches
Hosei Kijima,jp JPN,"MF,FW",D.C. United,22-309,2002,9.1,21,2.32,19,0,1,0,1,0,0,0.00,0,0,0,0,0,0,Matches
Klauss,br BRA,FW,St. Louis,28-066,1997,7.0,10,1.42,6,0,0,3,1,0,1,0.14,0,0,0,1,0,0,Matches
Mateusz Klich,pl POL,MF,Atlanta Utd,34-327,1990,4.2,4,0.95,3,1,0,0,0,0,0,0.00,0,0,0,0,0,0,Matches
Žan Kolmanič,si SVN,"DF,MF",Austin,25-064,2000,2.0,6,3.05,4,2,0,0,0,0,0,0.00,0,0,0,0,0,0,Matches
Rominigue Kouamé,ml MLI,MF,Chicago Fire,28-140,1996,1.3,0,0.00,0,0,0,0,0,0,0,0.00,0,0,0,0,0,0,Matches
Sebastian Kowalczyk,pl POL,"FW,MF",Houston Dynamo,26-257,1998,9.0,24,2.68,17,2,0,1,4,0,3,0.33,2,0,0,0,1,0,Matches
Damir Kreilach,hr CRO,FW,Vancouver W'caps,36-020,1989,0.0,0,0.00,0,0,0,0,0,0,0,0.00,0,0,0,0,0,0,Matches
Theodore Ku-Dipietro,us USA,"MF,FW",Colorado Rapids,23-098,2002,0.4,0,0.00,0,0,0,0,0,0,0,0.00,0,0,0,0,0,0,Matches
Yuya Kubo,jp JPN,"MF,FW",FC Cincinnati,31-133,1993,4.6,9,1.95,8,1,0,0,0,0,0,0.00,0,0,0,0,0,0,Matches
Willy Kumado,gh GHA,DF,San Diego FC,22-202,2002,4.8,5,1.05,4,0,1,0,0,0,2,0.42,1,0,1,0,0,0,Matches
Luca de la Torre,us USA,MF,San Diego FC,26-348,1998,9.2,23,2.49,16,6,0,1,0,0,2,0.22,0,2,0,0,0,0,Matches
Mathías Laborda,uy URU,DF,Vancouver W'caps,25-233,1999,5.9,9,1.53,8,0,0,1,0,0,1,0.17,1,0,0,0,0,0,Matches
Luca Langoni,ar ARG,"FW,MF",NE Revolution,23-086,2002,4.8,10,2.10,8,0,0,1,1,0,1,0.21,1,0,0,0,0,0,Matches
Lassi Lappalainen,fi FIN,MF,Columbus Crew,26-255,1998,0.0,0,0.00,0,0,0,0,0,0,0,0.00,0,0,0,0,0,0,Matches
Oliver Larraz,us USA,"MF,FW",Colorado Rapids,23-232,2001,9.6,19,1.99,16,0,2,0,1,0,4,0.42,3,0,0,0,1,0,Matches
Richie Laryea,ca CAN,DF,Toronto FC,30-119,1995,1.2,2,1.62,1,0,0,0,1,0,1,0.81,0,0,0,0,1,0,Matches
Ariel Lassiter,cr CRC,"FW,MF",Portland Timbers,30-221,1994,2.1,4,1.94,3,1,0,0,0,0,0,0.00,0,0,0,0,0,0,Matches
Emmanuel Latte Lath,ci CIV,FW,Atlanta Utd,26-125,1999,9.5,16,1.69,10,0,0,4,2,0,3,0.32,1,0,0,0,2,0,Matches
Player,Nation,Pos,Squad,Age,Born,90s,SCA,SCA90,PassLive,PassDead,TO,Sh,Fld,Def,GCA,GCA90,PassLive,PassDead,TO,Sh,Fld,Def,Matches
Randall Leal,cr CRC,MF,D.C. United,28-112,1997,0.5,1,2.09,0,0,0,0,0,1,0,0.00,0,0,0,0,0,0,Matches
Tim Leibold,de GER,DF,Sporting KC,31-157,1993,1.9,3,1.56,2,0,0,1,0,0,1,0.52,1,0,0,0,0,0,Matches
Brooks Lennon,us USA,DF,Atlanta Utd,27-226,1997,7.7,19,2.46,15,3,0,1,0,0,2,0.26,1,0,0,1,0,0,Matches
Tucker Lepley,us USA,MF,LA Galaxy,23-109,2002,3.8,10,2.67,9,0,0,0,1,0,0,0.00,0,0,0,0,0,0,Matches
Beau Leroux,us USA,MF,SJ Earthquakes,21-248,2003,8.7,30,3.44,24,0,1,1,2,2,6,0.69,3,0,0,1,1,1,Matches
Danny Leyva,us USA,"MF,FW",Seattle Sounders,22-001,2003,2.9,13,4.53,5,4,1,1,2,0,0,0.00,0,0,0,0,0,0,Matches
Nick Lima,us USA,DF,SJ Earthquakes,30-170,1994,1.9,11,5.66,8,2,0,1,0,0,0,0.00,0,0,0,0,0,0,Matches
Ondřej Lingr,cz CZE,"MF,FW",Houston Dynamo,26-211,1998,1.9,1,0.53,1,0,0,0,0,0,0,0.00,0,0,0,0,0,0,Matches
Sebastian Lletget,us USA,MF,FC Dallas,32-245,1992,6.2,14,2.27,12,0,0,2,0,0,1,0.16,1,0,0,0,0,0,Matches
Hugo Lloris,fr FRA,GK,LAFC,38-131,1986,10.0,4,0.40,3,1,0,0,0,0,0,0.00,0,0,0,0,0,0,Matches
Saba Lobzhanidze,ge GEO,FW,Atlanta Utd,30-139,1994,8.5,23,2.70,15,5,2,1,0,0,3,0.35,2,1,0,0,0,0,Matches
Robin Lod,fi FIN,"MF,FW",Minnesota Utd,32-019,1993,8.4,25,2.98,21,0,2,1,1,0,3,0.36,3,0,0,0,0,0,Matches
Nicolás Lodeiro,uy URU,"FW,MF",Houston Dynamo,36-046,1989,4.3,14,3.26,10,0,0,0,4,0,1,0.23,0,0,0,0,1,0,Matches
Jasper Löffelsend,de GER,DF,San Diego FC,27-238,1997,6.3,17,2.69,15,0,0,1,1,0,1,0.16,1,0,0,0,0,0,Matches
Aaron Long,us USA,DF,LAFC,32-206,1992,8.3,6,0.72,6,0,0,0,0,0,0,0.00,0,0,0,0,0,0,Matches
Kevin Long,ie IRL,DF,Toronto FC,34-261,1990,7.5,3,0.40,3,0,0,0,0,0,1,0.13,1,0,0,0,0,0,Matches
Matthew Longstaff,eng ENG,MF,Toronto FC,25-046,2000,3.9,8,2.06,6,1,0,1,0,0,0,0.00,0,0,0,0,0,0,Matches
Hernán López Muñoz,ar ARG,MF,SJ Earthquakes,24-241,2000,1.3,3,2.29,3,0,0,0,0,0,1,0.76,1,0,0,0,0,0,Matches
Victor Loturi,ca CAN,MF,CF Montréal,23-350,2001,6.6,13,1.98,12,0,1,0,0,0,0,0.00,0,0,0,0,0,0,Matches
Daniel Lovitz,us USA,DF,Nashville SC,33-252,1991,11.0,18,1.64,15,2,0,1,0,0,4,0.36,3,1,0,0,0,0,Matches
Eduard Löwen,de GER,MF,St. Louis,28-098,1997,4.1,12,2.95,10,2,0,0,0,0,1,0.25,1,0,0,0,0,0,Matches
Hirving Lozano,mx MEX,FW,San Diego FC,29-280,1995,6.1,26,4.29,13,3,7,0,3,0,7,1.16,6,0,1,0,0,0,Matches
Gonzalo Luján,ar ARG,DF,Inter Miami,24-009,2001,8.4,3,0.36,3,0,0,0,0,0,0,0.00,0,0,0,0,0,0,Matches
Jovan Lukić,rs SRB,MF,Philadelphia Union,23-106,2002,9.1,26,2.87,22,0,0,3,0,1,2,0.22,1,0,0,0,0,1,Matches
Diego Luna,us USA,"MF,FW",Real Salt Lake,21-241,2003,9.3,39,4.20,31,1,0,3,3,1,4,0.43,3,0,0,1,0,0,Matches
Player,Nation,Pos,Squad,Age,Born,90s,SCA,SCA90,PassLive,PassDead,TO,Sh,Fld,Def,GCA,GCA90,PassLive,PassDead,TO,Sh,Fld,Def,Matches
Benjamin Lundt,de GER,GK,St. Louis,29-224,1995,8.0,0,0.00,0,0,0,0,0,0,0,0.00,0,0,0,0,0,0,Matches
Liam MacKenzie,ca CAN,FW,Vancouver W'caps,18-052,2007,0.7,1,1.45,1,0,0,0,0,0,0,0.00,0,0,0,0,0,0,Matches
Lukas MacNaughton,ca CAN,DF,D.C. United,30-059,1995,4.5,0,0.00,0,0,0,0,0,0,0,0.00,0,0,0,0,0,0,Matches
Jack Maher,us USA,DF,Nashville SC,25-190,1999,11.0,2,0.18,1,1,0,0,0,0,1,0.09,0,1,0,0,0,0,Matches
Olwethu Makhanya,za RSA,DF,Philadelphia Union,21-006,2004,6.4,3,0.47,3,0,0,0,0,0,0,0.00,0,0,0,0,0,0,Matches
Adilson Malanda,fr FRA,DF,Charlotte,23-189,2001,11.0,4,0.36,4,0,0,0,0,0,1,0.09,1,0,0,0,0,0,Matches
AJ Marcucci,us USA,GK,NY Red Bulls,25-279,1999,1.0,1,1.00,1,0,0,0,0,0,0,0.00,0,0,0,0,0,0,Matches
Dominik Marczuk,pl POL,FW,Real Salt Lake,21-186,2003,5.3,9,1.69,7,0,0,2,0,0,2,0.38,1,0,0,1,0,0,Matches
Anthony Markanich,ph PHI,DF,Minnesota Utd,25-131,1999,5.1,10,1.97,9,0,0,1,0,0,1,0.20,0,0,0,1,0,0,Matches
Idan Markovich,il ISR,"FW,MF",Charlotte,20-270,2004,2.8,10,3.61,7,0,1,1,0,1,2,0.72,1,0,1,0,0,0,Matches
Marlon,br BRA,DF,LAFC,29-241,1995,4.8,2,0.41,1,1,0,0,0,0,0,0.00,0,0,0,0,0,0,Matches
Jahkeele Marshall-Rutty,ca CAN,DF,Charlotte,20-324,2004,0.3,0,0.00,0,0,0,0,0,0,0,0.00,0,0,0,0,0,0,Matches
Jahkeele Marshall-Rutty,ca CAN,"MF,DF",CF Montréal,20-324,2004,2.6,1,0.39,1,0,0,0,0,0,0,0.00,0,0,0,0,0,0,Matches
Alonso Martínez,cr CRC,FW,NYCFC,26-203,1998,9.7,29,2.99,15,0,4,5,5,0,7,0.72,0,0,1,3,3,0,Matches
David Martínez,ve VEN,FW,LAFC,19-088,2006,5.9,20,3.39,10,3,4,1,0,2,4,0.68,2,0,1,0,0,1,Matches
Josef Martínez,ve VEN,FW,SJ Earthquakes,31-352,1993,7.1,17,2.39,12,0,0,4,1,0,3,0.42,2,0,0,0,1,0,Matches
Thiago Martins,br BRA,DF,NYCFC,30-050,1995,9.2,3,0.33,2,0,0,0,0,1,0,0.00,0,0,0,0,0,0,Matches
Jimmy Maurer,us USA,GK,Houston Dynamo,36-204,1988,1.3,0,0.00,0,0,0,0,0,0,0,0.00,0,0,0,0,0,0,Matches
Eric Maxim Choupo-Moting,cm CMR,FW,NY Red Bulls,36-044,1989,10.7,31,2.89,20,1,3,3,3,1,4,0.37,2,0,0,1,1,0,Matches
Andreas Maxsø,dk DEN,DF,Colorado Rapids,31-049,1994,9.0,3,0.33,2,0,0,1,0,0,0,0.00,0,0,0,0,0,0,Matches
Olivier Mbaizo,cm CMR,DF,Philadelphia Union,27-264,1997,1.0,0,0.00,0,0,0,0,0,0,0,0.00,0,0,0,0,0,0,Matches
Kenji Mboma Dem,fr FRA,DF,FC Cincinnati,23-104,2002,0.1,0,0.00,0,0,0,0,0,0,0,0.00,0,0,0,0,0,0,Matches
John McCarthy,us USA,GK,LA Galaxy,32-306,1992,8.0,0,0.00,0,0,0,0,0,0,0,0.00,0,0,0,0,0,0,Matches
Jack McGlynn,us USA,"MF,FW",Houston Dynamo,21-303,2003,9.8,45,4.58,29,13,3,0,0,0,4,0.41,2,2,0,0,0,0,Matches
Zac McGraw,ca CAN,DF,Portland Timbers,27-332,1997,2.7,2,0.74,1,0,1,0,0,0,1,0.37,1,0,0,0,0,0,Matches
Player,Nation,Pos,Squad,Age,Born,90s,SCA,SCA90,PassLive,PassDead,TO,Sh,Fld,Def,GCA,GCA90,PassLive,PassDead,TO,Sh,Fld,Def,Matches
Duncan McGuire,us USA,FW,Orlando City,24-090,2001,3.0,10,3.37,6,0,0,2,2,0,0,0.00,0,0,0,0,0,0,Matches
Paddy McNair,nir NIR,DF,San Diego FC,30-009,1995,9.6,13,1.35,12,0,0,1,0,0,1,0.10,0,0,0,1,0,0,Matches
Christopher McVey,se SWE,DF,San Diego FC,28-024,1997,11.0,12,1.09,10,1,0,1,0,0,0,0.00,0,0,0,0,0,0,Matches
Loïc Mesanvi,tg TOG,"FW,DF",Minnesota Utd,21-212,2003,0.1,0,0.00,0,0,0,0,0,0,0,0.00,0,0,0,0,0,0,Matches
Lionel Messi,ar ARG,"FW,MF",Inter Miami,37-316,1987,6.4,42,6.56,22,2,7,4,5,2,4,0.62,3,0,1,0,0,0,Matches
Wyatt Meyer,us USA,MF,Nashville SC,24-115,2001,1.6,1,0.61,1,0,0,0,0,0,0,0.00,0,0,0,0,0,0,Matches
Matt Miazga,us USA,DF,FC Cincinnati,29-291,1995,2.0,0,0.00,0,0,0,0,0,0,0,0.00,0,0,0,0,0,0,Matches
Novak Mićović,rs SRB,GK,LA Galaxy,23-193,2001,3.0,0,0.00,0,0,0,0,0,0,0,0.00,0,0,0,0,0,0,Matches
Alex Mighten,eng ENG,"FW,MF",San Diego FC,23-025,2002,3.0,8,2.71,4,0,1,1,2,0,1,0.34,0,0,0,0,1,0,Matches
Djordje Mihailovic,us USA,"MF,FW",Colorado Rapids,26-177,1998,10.8,52,4.80,30,15,1,2,4,0,7,0.65,7,0,0,0,0,0,Matches
Eric Miller,us USA,DF,Portland Timbers,32-111,1993,3.2,4,1.24,3,1,0,0,0,0,0,0.00,0,0,0,0,0,0,Matches
Harbor Miller,us USA,DF,LA Galaxy,17-319,2007,2.7,6,2.21,5,0,0,0,1,0,0,0.00,0,0,0,0,0,0,Matches
Jansen Miller,us USA,DF,Sporting KC,23-085,2002,7.5,5,0.67,4,0,0,0,0,1,0,0.00,0,0,0,0,0,0,Matches
Kamal Miller,ca CAN,DF,Portland Timbers,27-355,1997,8.1,6,0.74,5,0,0,1,0,0,0,0.00,0,0,0,0,0,0,Matches
Peyton Miller,us USA,"DF,FW",NE Revolution,17-356,2007,4.8,14,2.90,11,0,1,1,1,0,1,0.21,1,0,0,0,0,0,Matches
Georgi Minoungou,ci CIV,"FW,MF",Seattle Sounders,22-285,2002,3.8,20,5.23,12,0,6,1,1,0,3,0.78,2,0,1,0,0,0,Matches
Aleksei Miranchuk,ru RUS,"MF,FW",Atlanta Utd,29-201,1995,10.1,39,3.87,28,7,1,2,1,0,1,0.10,1,0,0,0,0,0,Matches
Zane Monlouis,eng ENG,DF,Toronto FC,21-202,2003,3.2,1,0.31,1,0,0,0,0,0,1,0.31,1,0,0,0,0,0,Matches
Shaq Moore,us USA,DF,FC Dallas,28-185,1996,11.0,17,1.55,11,1,0,3,1,1,2,0.18,1,0,0,1,0,0,Matches
Felipe Mora,cl CHI,FW,Portland Timbers,31-277,1993,6.7,16,2.38,12,0,0,3,1,0,2,0.30,1,0,0,0,1,0,Matches
Alfredo Morales,us USA,MF,St. Louis,34-359,1990,5.8,12,2.06,12,0,0,0,0,0,0,0.00,0,0,0,0,0,0,Matches
Santi Morales,us USA,"MF,FW",Inter Miami,18-086,2007,0.2,2,8.18,2,0,0,0,0,0,0,0.00,0,0,0,0,0,0,Matches
Maximiliano Moralez,ar ARG,MF,NYCFC,38-068,1987,10.2,47,4.62,34,7,0,3,2,1,2,0.20,0,1,0,1,0,0,Matches
Steven Moreira,cv CPV,DF,Columbus Crew,30-266,1994,7.2,15,2.08,13,0,0,1,0,1,2,0.28,2,0,0,0,0,0,Matches
Santiago Moreno,co COL,FW,Portland Timbers,25-015,2000,7.9,34,4.31,22,5,4,2,1,0,5,0.63,3,1,1,0,0,0,Matches
Player,Nation,Pos,Squad,Age,Born,90s,SCA,SCA90,PassLive,PassDead,TO,Sh,Fld,Def,GCA,GCA90,PassLive,PassDead,TO,Sh,Fld,Def,Matches
Lewis Morgan,sct SCO,"MF,FW",NY Red Bulls,28-218,1996,1.0,3,3.00,2,0,1,0,0,0,0,0.00,0,0,0,0,0,0,Matches
Jordan Morris,us USA,FW,Seattle Sounders,30-192,1994,3.2,7,2.19,7,0,0,0,0,0,0,0.00,0,0,0,0,0,0,Matches
Edwin Mosquera,co COL,FW,Atlanta Utd,23-313,2001,1.1,2,1.80,0,0,1,1,0,0,0,0.00,0,0,0,0,0,0,Matches
Cole Mrowka,us USA,MF,Columbus Crew,19-030,2006,0.3,1,3.60,1,0,0,0,0,0,0,0.00,0,0,0,0,0,0,Matches
Hany Mukhtar,de GER,"FW,MF",Nashville SC,30-046,1995,10.8,61,5.66,34,15,1,8,3,0,6,0.56,2,2,0,0,2,0,Matches
Daniel Munie,us USA,DF,SJ Earthquakes,25-085,2000,3.4,6,1.78,6,0,0,0,0,0,1,0.30,1,0,0,0,0,0,Matches
Luis Muriel,co COL,"FW,MF",Orlando City,34-020,1991,9.0,40,4.44,27,3,3,4,3,0,7,0.78,6,0,0,0,1,0,Matches
Ian Murphy,us USA,DF,Colorado Rapids,25-110,2000,5.1,5,0.97,4,1,0,0,0,0,1,0.19,1,0,0,0,0,0,Matches
Jacob Murrell,us USA,"FW,MF",D.C. United,21-038,2004,3.7,3,0.80,3,0,0,0,0,0,1,0.27,1,0,0,0,0,0,Matches
Petar Musa,hr CRO,FW,FC Dallas,27-063,1998,7.5,18,2.41,16,0,1,1,0,0,6,0.80,5,0,0,1,0,0,Matches
Daniel Musovski,us USA,FW,Seattle Sounders,29-157,1995,4.7,6,1.28,3,0,0,1,2,0,0,0.00,0,0,0,0,0,0,Matches
Alex Muyl,us USA,"MF,FW",Nashville SC,29-218,1995,9.2,19,2.08,13,0,1,4,0,1,1,0.11,0,0,0,1,0,0,Matches
Tristan Muyumba,,MF,Atlanta Utd,28-060,1997,4.7,13,2.79,10,0,0,2,0,1,1,0.21,1,0,0,0,0,0,Matches
Darlington Nagbe,us USA,MF,Columbus Crew,34-291,1990,9.7,13,1.34,10,0,1,0,2,0,0,0.00,0,0,0,0,0,0,Matches
Andy Najar,hn HON,DF,Nashville SC,32-051,1993,9.1,32,3.50,31,0,1,0,0,0,4,0.44,4,0,0,0,0,0,Matches
Matheus Nascimento,br BRA,"FW,MF",LA Galaxy,21-064,2004,1.1,3,2.76,3,0,0,0,0,0,0,0.00,0,0,0,0,0,0,Matches
Rafael Navarro,br BRA,FW,Colorado Rapids,25-022,2000,11.0,39,3.55,25,0,2,5,5,2,7,0.64,4,0,0,1,2,0,Matches
Logan Ndenbe,be BEL,DF,Sporting KC,25-086,2000,9.1,11,1.21,9,0,0,0,2,0,0,0.00,0,0,0,0,0,0,Matches
Jalen Neal,us USA,DF,CF Montréal,21-255,2003,0.1,1,15.00,1,0,0,0,0,0,0,0.00,0,0,0,0,0,0,Matches
Dylan Nealis,us USA,DF,NY Red Bulls,26-280,1998,6.7,13,1.93,8,0,1,0,4,0,1,0.15,0,0,0,0,1,0,Matches
Sean Nealis,us USA,DF,NY Red Bulls,28-113,1997,8.0,4,0.50,4,0,0,0,0,0,0,0.00,0,0,0,0,0,0,Matches
Franco Negri,ar ARG,DF,San Diego FC,30-075,1995,4.5,7,1.56,7,0,0,0,0,0,0,0.00,0,0,0,0,0,0,Matches
Jayden Nelson,ca CAN,FW,Vancouver W'caps,22-222,2002,4.4,25,5.73,10,0,6,4,5,0,6,1.37,5,0,1,0,0,0,Matches
John Nelson,us USA,DF,LA Galaxy,26-299,1998,6.3,7,1.11,7,0,0,0,0,0,0,0.00,0,0,0,0,0,0,Matches
Jean-Claude Ngando,cm CMR,"MF,FW",Vancouver W'caps,25-167,1999,6.7,30,4.50,24,1,1,3,0,1,5,0.75,4,0,0,0,0,1,Matches
Player,Nation,Pos,Squad,Age,Born,90s,SCA,SCA90,PassLive,PassDead,TO,Sh,Fld,Def,GCA,GCA90,PassLive,PassDead,TO,Sh,Fld,Def,Matches
Serge Ngoma,us USA,"FW,DF",NY Red Bulls,19-301,2005,2.9,3,1.03,3,0,0,0,0,0,0,0.00,0,0,0,0,0,0,Matches
Joakim Nilsson,se SWE,"DF,MF",St. Louis,31-089,1994,1.5,3,2.03,3,0,0,0,0,0,0,0.00,0,0,0,0,0,0,Matches
Nolan Norris,us USA,DF,FC Dallas,20-078,2005,4.3,3,0.70,3,0,0,0,0,0,0,0.00,0,0,0,0,0,0,Matches
Tsiki Ntsabeleng,za RSA,MF,FC Dallas,27-086,1998,2.1,3,1.45,3,0,0,0,0,0,0,0.00,0,0,0,0,0,0,Matches
Obinna Nwobodo,ng NGA,MF,FC Cincinnati,28-158,1996,4.9,8,1.63,6,0,1,1,0,0,0,0.00,0,0,0,0,0,0,Matches
Kevin O'Toole,us USA,DF,NYCFC,26-143,1998,8.2,11,1.34,11,0,0,0,0,0,0,0.00,0,0,0,0,0,0,Matches
Allen Obando,ec ECU,FW,Inter Miami,18-327,2006,1.3,1,0.79,0,0,0,0,1,0,0,0.00,0,0,0,0,0,0,Matches
Jáder Obrian,co COL,"MF,FW",Austin,29-353,1995,4.3,12,2.76,9,0,2,0,1,0,0,0.00,0,0,0,0,0,0,Matches
Édier Ocampo,co COL,DF,Vancouver W'caps,21-215,2003,6.6,15,2.29,9,1,1,1,3,0,1,0.15,1,0,0,0,0,0,Matches
Agustin Ojeda,ar ARG,FW,NYCFC,20-321,2004,4.7,10,2.15,6,0,1,2,0,1,0,0.00,0,0,0,0,0,0,Matches
Braian Ojeda,py PAR,MF,Real Salt Lake,24-313,2000,9.8,25,2.55,19,0,1,2,2,1,1,0.10,0,0,0,1,0,0,Matches
Martín Ojeda,ar ARG,"MF,FW",Orlando City,26-160,1998,8.9,55,6.20,38,11,2,3,0,1,5,0.56,3,1,1,0,0,0,Matches
Tani Oluwaseyi,ca CAN,FW,Minnesota Utd,24-356,2000,9.1,21,2.30,15,0,0,3,2,1,3,0.33,3,0,0,0,0,0,Matches
Wyatt Omsberg,us USA,DF,NE Revolution,29-227,1995,0.4,0,0.00,0,0,0,0,0,0,0,0.00,0,0,0,0,0,0,Matches
Kwadwo Opoku,gh GHA,"FW,MF",CF Montréal,23-297,2001,1.6,1,0.64,0,0,1,0,0,0,0,0.00,0,0,0,0,0,0,Matches
Nathan Ordaz,sv SLV,FW,LAFC,21-114,2004,6.1,15,2.45,13,0,0,1,1,0,2,0.33,1,0,0,1,0,0,Matches
Sergio Oregel,us USA,MF,Chicago Fire,19-355,2005,9.2,22,2.40,21,0,0,1,0,0,1,0.11,1,0,0,0,0,0,Matches
Luca Orellano,ar ARG,"FW,MF",FC Cincinnati,25-045,2000,7.9,34,4.30,18,7,4,4,1,0,3,0.38,2,0,1,0,0,0,Matches
Prince Osei Owusu,de GER,FW,CF Montréal,28-119,1997,10.3,17,1.65,13,0,2,1,0,1,2,0.19,1,0,1,0,0,0,Matches
Harold Osorio,sv SLV,MF,Chicago Fire,21-259,2003,0.0,0,0.00,0,0,0,0,0,0,0,0.00,0,0,0,0,0,0,Matches
Jonathan Osorio,ca CAN,MF,Toronto FC,32-328,1992,9.0,16,1.79,12,1,0,1,1,1,1,0.11,1,0,0,0,0,0,Matches
Tomáš Ostrák,cz CZE,"MF,DF",St. Louis,25-090,2000,2.4,9,3.68,9,0,0,0,0,0,0,0.00,0,0,0,0,0,0,Matches
Javier Otero,ve VEN,GK,Orlando City,22-169,2002,1.0,0,0.00,0,0,0,0,0,0,0,0.00,0,0,0,0,0,0,Matches
Devin Padelford,us USA,DF,Minnesota Utd,22-123,2003,0.0,0,0.00,0,0,0,0,0,0,0,0.00,0,0,0,0,0,0,Matches
Maarten Paes,id IDN,GK,FC Dallas,26-357,1998,10.0,1,0.10,0,1,0,0,0,0,0,0.00,0,0,0,0,0,0,Matches
Player,Nation,Pos,Squad,Age,Born,90s,SCA,SCA90,PassLive,PassDead,TO,Sh,Fld,Def,GCA,GCA90,PassLive,PassDead,TO,Sh,Fld,Def,Matches
Joseph Paintsil,gh GHA,FW,LA Galaxy,27-094,1998,4.8,16,3.30,7,1,5,1,2,0,1,0.21,1,0,0,0,0,0,Matches
Nelson Palacio,co COL,MF,Real Salt Lake,23-324,2001,2.2,0,0.00,0,0,0,0,0,0,0,0.00,0,0,0,0,0,0,Matches
Jeison Palacios,co COL,DF,Nashville SC,31-047,1994,4.0,3,0.75,2,0,0,1,0,0,0,0.00,0,0,0,0,0,0,Matches
Sergi Palencia,es ESP,"DF,MF",LAFC,29-044,1996,9.3,13,1.40,13,0,0,0,0,0,1,0.11,1,0,0,0,0,0,Matches
James Pantemis,ca CAN,GK,Portland Timbers,28-074,1997,9.0,2,0.22,2,0,0,0,0,0,0,0.00,0,0,0,0,0,0,Matches
Cristhian Paredes,py PAR,MF,Portland Timbers,26-353,1998,1.3,5,3.81,5,0,0,0,0,0,0,0.00,0,0,0,0,0,0,Matches
Isaiah Parente,us USA,MF,LA Galaxy,25-051,2000,5.9,11,1.85,9,1,0,0,1,0,0,0.00,0,0,0,0,0,0,Matches
Tim Parker,us USA,DF,NY Red Bulls,32-072,1993,2.6,3,1.15,2,0,0,1,0,0,0,0.00,0,0,0,0,0,0,Matches
Keaton Parks,us USA,MF,NYCFC,27-273,1997,9.1,28,3.08,21,0,3,2,1,1,1,0.11,0,0,0,1,0,0,Matches
Marco Pašalić,hr CRO,"FW,MF",Orlando City,24-234,2000,9.4,27,2.86,22,0,1,3,1,0,4,0.42,2,0,0,1,1,0,Matches
João Paulo Mior,br BRA,MF,Seattle Sounders,34-059,1991,2.5,9,3.62,8,1,0,0,0,0,1,0.40,1,0,0,0,0,0,Matches
Tom Pearce,eng ENG,"MF,DF",CF Montréal,27-024,1998,3.5,13,3.69,7,6,0,0,0,0,0,0.00,0,0,0,0,0,0,Matches
Pedrinho,br BRA,"MF,FW",FC Dallas,22-018,2003,3.5,13,3.68,7,2,2,1,1,0,2,0.57,2,0,0,0,0,0,Matches
Peglow,br BRA,"FW,MF",D.C. United,23-119,2002,6.1,20,3.30,11,5,3,0,1,0,4,0.66,1,0,2,0,1,0,Matches
Amahl Pellegrino,no NOR,"MF,FW",SJ Earthquakes,34-322,1990,2.8,12,4.30,10,0,0,1,0,1,3,1.08,2,0,0,0,0,1,Matches
Matti Peltola,fi FIN,"MF,DF",D.C. United,22-307,2002,3.6,7,1.95,6,0,0,0,1,0,1,0.28,1,0,0,0,0,0,Matches
Andrés Perea,us USA,MF,NYCFC,24-173,2000,1.5,3,1.94,3,0,0,0,0,0,0,0.00,0,0,0,0,0,0,Matches
Daniel Pereira,ve VEN,MF,Austin,24-296,2000,8.4,25,2.96,19,1,2,0,1,2,2,0.24,1,0,1,0,0,0,Matches
Joaquín Pereyra,ar ARG,MF,Minnesota Utd,26-156,1998,8.9,48,5.36,26,10,5,4,2,1,4,0.45,2,1,0,1,0,0,Matches
Jonathan Perez,mx MEX,"FW,MF",Nashville SC,22-108,2003,1.8,4,2.20,2,0,0,1,1,0,0,0.00,0,0,0,0,0,0,Matches
Luca Petrasso,ca CAN,DF,CF Montréal,24-324,2000,10.3,21,2.04,20,0,1,0,0,0,1,0.10,1,0,0,0,0,0,Matches
Raoul Petretta,it ITA,DF,Toronto FC,28-043,1997,6.9,5,0.72,3,2,0,0,0,0,0,0.00,0,0,0,0,0,0,Matches
Fafà Picault,ht HAI,"FW,MF",Inter Miami,34-072,1991,3.6,5,1.39,5,0,0,0,0,0,1,0.28,1,0,0,0,0,0,Matches
Samuel Piette,ca CAN,MF,CF Montréal,30-175,1994,6.3,5,0.79,5,0,0,0,0,0,0,0.00,0,0,0,0,0,0,Matches
Ian Pilcher,us USA,DF,San Diego FC,22-046,2003,1.4,0,0.00,0,0,0,0,0,0,0,0.00,0,0,0,0,0,0,Matches
Player,Nation,Pos,Squad,Age,Born,90s,SCA,SCA90,PassLive,PassDead,TO,Sh,Fld,Def,GCA,GCA90,PassLive,PassDead,TO,Sh,Fld,Def,Matches
Mauricio Pineda,us USA,MF,Chicago Fire,27-201,1997,7.3,14,1.91,14,0,0,0,0,0,0,0.00,0,0,0,0,0,0,Matches
Ariath Piol,au AUS,FW,Real Salt Lake,20-207,2004,5.6,9,1.61,8,0,0,0,1,0,0,0.00,0,0,0,0,0,0,Matches
Gabriel Pirani,br BRA,"MF,FW",D.C. United,23-024,2002,6.9,19,2.73,17,0,1,1,0,0,2,0.29,2,0,0,0,0,0,Matches
Matt Polster,us USA,MF,NE Revolution,31-332,1993,6.8,11,1.61,8,0,0,1,1,1,2,0.29,2,0,0,0,0,0,Matches
Célio Pompeu,br BRA,"MF,FW",St. Louis,25-147,1999,3.6,13,3.62,9,1,2,0,1,0,0,0.00,0,0,0,0,0,0,Matches
Ezequiel Ponce,ar ARG,FW,Houston Dynamo,28-038,1997,10.9,12,1.10,7,0,0,4,1,0,1,0.09,0,0,0,1,0,0,Matches
Alvas Powell,jm JAM,DF,FC Cincinnati,30-292,1994,2.7,9,3.35,6,1,0,1,1,0,1,0.37,1,0,0,0,0,0,Matches
Ralph Priso-Mbongue,ca CAN,MF,Vancouver W'caps,22-277,2002,3.7,8,2.14,8,0,0,0,0,0,2,0.54,2,0,0,0,0,0,Matches
Andrew Privett,us USA,DF,Charlotte,24-277,2000,9.0,2,0.22,2,0,0,0,0,0,0,0.00,0,0,0,0,0,0,Matches
John Pulskamp,us USA,GK,Sporting KC,24-017,2001,11.0,1,0.09,0,1,0,0,0,0,1,0.09,0,1,0,0,0,0,Matches
Ahmed Qasem,se SWE,"MF,FW",Nashville SC,21-298,2003,5.6,15,2.69,11,0,0,3,1,0,1,0.18,1,0,0,0,0,0,Matches
Philip Quinton,us USA,DF,Real Salt Lake,25-171,1999,6.0,4,0.67,3,0,0,1,0,0,0,0.00,0,0,0,0,0,0,Matches
Nemanja Radoja,rs SRB,MF,Sporting KC,32-089,1993,7.2,10,1.39,9,0,0,1,0,0,2,0.28,2,0,0,0,0,0,Matches
Jeremy Rafanello,us USA,MF,Philadelphia Union,25-022,2000,0.3,2,6.00,1,0,0,1,0,0,0,0.00,0,0,0,0,0,0,Matches
Jackson Ragen,us USA,DF,Seattle Sounders,26-224,1998,6.7,5,0.74,4,0,0,1,0,0,0,0.00,0,0,0,0,0,0,Matches
Brooklyn Raines,us USA,MF,Houston Dynamo,20-056,2005,3.7,4,1.08,4,0,0,0,0,0,0,0.00,0,0,0,0,0,0,Matches
Christian Ramirez,us USA,FW,LA Galaxy,34-032,1991,6.6,9,1.36,8,0,0,0,1,0,2,0.30,1,0,0,0,1,0,Matches
Rubén Ramos,us USA,MF,LA Galaxy,18-104,2007,0.7,0,0.00,0,0,0,0,0,0,0,0.00,0,0,0,0,0,0,Matches
Tim Ream,us USA,DF,Charlotte,37-213,1987,9.3,8,0.86,8,0,0,0,0,0,1,0.11,1,0,0,0,0,0,Matches
Federico Redondo,ar ARG,MF,Inter Miami,22-108,2003,4.1,9,2.21,9,0,0,0,0,0,0,0.00,0,0,0,0,0,0,Matches
Seymour Reid,jm JAM,FW,NYCFC,17-063,2008,0.2,0,0.00,0,0,0,0,0,0,0,0.00,0,0,0,0,0,0,Matches
William Reilly,us USA,MF,Atlanta Utd,22-154,2002,1.0,6,5.93,5,1,0,0,0,0,0,0.00,0,0,0,0,0,0,Matches
Marco Reus,de GER,"MF,FW",LA Galaxy,35-340,1989,3.6,25,6.97,16,3,1,1,2,2,1,0.28,1,0,0,0,0,0,Matches
Andrés Reyes,co COL,DF,San Diego FC,25-240,1999,0.5,0,0.00,0,0,0,0,0,0,0,0.00,0,0,0,0,0,0,Matches
Justin Reynolds,us USA,DF,Chicago Fire,20-275,2004,1.2,0,0.00,0,0,0,0,0,0,0,0.00,0,0,0,0,0,0,Matches
Player,Nation,Pos,Squad,Age,Born,90s,SCA,SCA90,PassLive,PassDead,TO,Sh,Fld,Def,GCA,GCA90,PassLive,PassDead,TO,Sh,Fld,Def,Matches
Andrew Rick,us USA,GK,Philadelphia Union,19-096,2006,2.0,0,0.00,0,0,0,0,0,0,0,0.00,0,0,0,0,0,0,Matches
Jamar Ricketts,us USA,"DF,MF",SJ Earthquakes,23-194,2001,4.4,5,1.13,5,0,0,0,0,0,1,0.23,1,0,0,0,0,0,Matches
Kalani Rienzi,us USA,"MF,DF",Seattle Sounders,22-313,2002,4.6,6,1.31,5,0,0,0,0,1,1,0.22,1,0,0,0,0,0,Matches
Rocco Ríos Novo,ar ARG,GK,Inter Miami,22-336,2002,1.6,0,0.00,0,0,0,0,0,0,0,0.00,0,0,0,0,0,0,Matches
Birk Risa,no NOR,"DF,MF",NYCFC,27-082,1998,5.1,3,0.59,2,0,0,1,0,0,0,0.00,0,0,0,0,0,0,Matches
Reid Roberts,us USA,DF,SJ Earthquakes,21-148,2003,1.1,0,0.00,0,0,0,0,0,0,0,0.00,0,0,0,0,0,0,Matches
Miles Robinson,us USA,DF,FC Cincinnati,28-053,1997,8.2,5,0.61,5,0,0,0,0,0,1,0.12,1,0,0,0,0,0,Matches
Stian Rode Gregersen,no NOR,DF,Atlanta Utd,29-354,1995,6.8,2,0.29,2,0,0,0,0,0,0,0.00,0,0,0,0,0,0,Matches
Rodrigues,br BRA,DF,SJ Earthquakes,27-208,1997,7.5,13,1.74,9,0,1,1,2,0,2,0.27,2,0,0,0,0,0,Matches
Jonathan Rodríguez,uy URU,FW,Portland Timbers,31-304,1993,1.0,7,7.24,2,0,0,2,3,0,2,2.07,0,0,0,1,1,0,Matches
Memo Rodriguez,us USA,MF,Sporting KC,29-130,1995,3.0,11,3.65,5,5,0,0,1,0,0,0.00,0,0,0,0,0,0,Matches
Nicolás Rodríguez,co COL,"DF,FW",Orlando City,21-011,2004,0.3,0,0.00,0,0,0,0,0,0,0,0.00,0,0,0,0,0,0,Matches
Sam Rogers,us USA,DF,Chicago Fire,25-354,1999,7.0,1,0.14,1,0,0,0,0,0,0,0.00,0,0,0,0,0,0,Matches
Alex Roldan,sv SLV,"MF,DF",Seattle Sounders,28-282,1996,6.1,24,3.91,20,1,0,2,1,0,0,0.00,0,0,0,0,0,0,Matches
Cristian Roldan,us USA,"MF,FW",Seattle Sounders,29-337,1995,10.1,31,3.07,26,0,1,1,3,0,4,0.40,4,0,0,0,0,0,Matches
Nicolás Romero,ar ARG,DF,Minnesota Utd,21-159,2003,6.8,2,0.30,1,0,0,1,0,0,0,0.00,0,0,0,0,0,0,Matches
David Romney,us USA,DF,SJ Earthquakes,31-328,1993,11.0,6,0.55,5,1,0,0,0,0,0,0.00,0,0,0,0,0,0,Matches
Connor Ronan,ie IRL,"MF,FW",Colorado Rapids,27-061,1998,1.2,5,4.33,3,0,1,0,1,0,0,0.00,0,0,0,0,0,0,Matches
Anderson Rosa,br BRA,DF,Colorado Rapids,23-174,2001,0.3,0,0.00,0,0,0,0,0,0,0,0.00,0,0,0,0,0,0,Matches
Joseph Rosales,hn HON,DF,Minnesota Utd,24-181,2000,5.9,22,3.76,12,6,0,3,1,0,1,0.17,0,0,0,1,0,0,Matches
Keegan Rosenberry,us USA,DF,Colorado Rapids,31-146,1993,7.4,4,0.54,4,0,0,0,0,0,1,0.13,1,0,0,0,0,0,Matches
Daniel Rosero,co COL,DF,Sporting KC,31-212,1993,1.8,1,0.55,1,0,0,0,0,0,0,0.00,0,0,0,0,0,0,Matches
Diego Rossi,uy URU,"FW,MF",Columbus Crew,27-062,1998,10.8,34,3.14,20,3,5,4,2,0,3,0.28,1,1,0,1,0,0,Matches
Sigurd Rosted,no NOR,DF,Toronto FC,30-288,1994,8.0,3,0.38,1,0,0,1,1,0,1,0.13,0,0,0,0,1,0,Matches
Paul Rothrock,us USA,"MF,FW",Seattle Sounders,26-117,1999,9.2,28,3.04,20,2,2,1,3,0,2,0.22,1,0,0,0,1,0,Matches
Player,Nation,Pos,Squad,Age,Born,90s,SCA,SCA90,PassLive,PassDead,TO,Sh,Fld,Def,GCA,GCA90,PassLive,PassDead,TO,Sh,Fld,Def,Matches
Kye Rowles,au AUS,DF,D.C. United,26-316,1998,9.0,8,0.89,7,0,0,1,0,0,0,0.00,0,0,0,0,0,0,Matches
Diego Rubio,cl CHI,"FW,MF",Austin,31-356,1993,1.6,8,4.83,7,0,0,0,1,0,1,0.60,1,0,0,0,0,0,Matches
Pablo Ruíz,ar ARG,MF,Real Salt Lake,26-137,1998,2.1,13,6.32,7,3,1,2,0,0,0,0.00,0,0,0,0,0,0,Matches
David Ruíz-Ochoa,hn HON,"MF,FW",Inter Miami,21-087,2004,0.8,1,1.20,0,0,0,0,1,0,1,1.20,0,0,0,0,1,0,Matches
Albert Rusnák,sk SVK,"FW,MF",Seattle Sounders,30-303,1994,7.8,53,6.80,31,16,1,4,0,1,5,0.64,4,0,1,0,0,0,Matches
Jacen Russell-Rowe,ca CAN,FW,Columbus Crew,22-235,2002,9.5,16,1.68,13,0,1,2,0,0,1,0.11,1,0,0,0,0,0,Matches
Cesar Ruvalcaba,us USA,DF,Columbus Crew,23-297,2001,1.6,4,2.55,4,0,0,0,0,0,0,0.00,0,0,0,0,0,0,Matches
Emmanuel Sabbi,us USA,FW,Vancouver W'caps,27-133,1997,4.0,13,3.28,7,0,2,3,0,1,2,0.50,1,0,0,1,0,0,Matches
Besard Sabovic,se SWE,MF,Austin,27-121,1998,7.3,14,1.93,11,0,0,0,3,0,0,0.00,0,0,0,0,0,0,Matches
Anisse Saidi,tn TUN,MF,San Diego FC,16-320,2008,0.1,0,0.00,0,0,0,0,0,0,0,0.00,0,0,0,0,0,0,Matches
Adam Saldaña,us USA,MF,LAFC,23-088,2002,2.0,1,0.50,1,0,0,0,0,0,0,0.00,0,0,0,0,0,0,Matches
Nathan-Dylan Saliba,ca CAN,MF,CF Montréal,20-250,2004,9.3,13,1.40,12,0,0,1,0,0,0,0.00,0,0,0,0,0,0,Matches
Dániel Sallói,hu HUN,"FW,MF",Sporting KC,28-291,1996,7.6,15,1.97,13,0,1,1,0,0,2,0.26,2,0,0,0,0,0,Matches
Lucas Sanabria,uy URU,"MF,FW",LA Galaxy,21-131,2003,2.5,0,0.00,0,0,0,0,0,0,0,0.00,0,0,0,0,0,0,Matches
Ilie Sánchez,es ESP,MF,Austin,34-166,1990,6.5,6,0.93,6,0,0,0,0,0,0,0.00,0,0,0,0,0,0,Matches
William Sands,us USA,DF,NE Revolution,24-304,2000,3.2,4,1.25,2,1,0,0,1,0,0,0.00,0,0,0,0,0,0,Matches
Edvard Sandvik Tagseth,no NOR,MF,Nashville SC,24-103,2001,10.1,27,2.66,17,7,0,2,0,1,3,0.30,2,1,0,0,0,0,Matches
Jeong Sangbin,kr KOR,"FW,MF",Minnesota Utd,23-035,2002,2.0,6,2.95,3,1,1,1,0,0,1,0.49,0,0,0,1,0,0,Matches
Sergio Santos Gomes,br BRA,"FW,MF",FC Cincinnati,30-244,1994,3.8,21,5.48,18,1,0,0,2,0,3,0.78,3,0,0,0,0,0,Matches
Rafael Santos,br BRA,DF,Orlando City,27-090,1998,5.4,13,2.40,10,0,0,3,0,0,0,0.00,0,0,0,0,0,0,Matches
Nick Scardina,us USA,DF,Charlotte,23-318,2001,2.3,7,3.03,7,0,0,0,0,0,1,0.43,1,0,0,0,0,0,Matches
Rodrigo Schlegel,ar ARG,DF,Orlando City,28-033,1997,9.5,6,0.63,6,0,0,0,0,0,1,0.11,1,0,0,0,0,0,Matches
David Schnegg,at AUT,"DF,MF",D.C. United,26-219,1998,10.8,32,2.97,25,5,1,0,1,0,4,0.37,4,0,0,0,0,0,Matches
Patrick Schulte,us USA,GK,Columbus Crew,24-054,2001,10.0,3,0.30,3,0,0,0,0,0,1,0.10,1,0,0,0,0,0,Matches
Tarik Scott,us USA,"DF,FW",FC Dallas,20-013,2005,0.2,0,0.00,0,0,0,0,0,0,0,0.00,0,0,0,0,0,0,Matches
Player,Nation,Pos,Squad,Age,Born,90s,SCA,SCA90,PassLive,PassDead,TO,Sh,Fld,Def,GCA,GCA90,PassLive,PassDead,TO,Sh,Fld,Def,Matches
Dante Sealy,us USA,"FW,DF",CF Montréal,22-019,2003,7.8,23,2.95,16,4,2,0,1,0,1,0.13,0,1,0,0,0,0,Matches
Gabe Segal,us USA,"FW,MF",Houston Dynamo,23-354,2001,0.3,1,3.33,0,0,0,1,0,0,0,0.00,0,0,0,0,0,0,Matches
Telasco Segovia,ve VEN,"MF,FW",Inter Miami,22-034,2003,5.2,23,4.46,19,2,1,0,1,0,5,0.97,4,0,1,0,0,0,Matches
Eddie Segura,co COL,DF,LAFC,28-093,1997,6.4,2,0.31,2,0,0,0,0,0,0,0.00,0,0,0,0,0,0,Matches
Amar Sejdic,us USA,"MF,FW",Columbus Crew,28-158,1996,0.1,0,0.00,0,0,0,0,0,0,0,0.00,0,0,0,0,0,0,Matches
Brandon Servania,us USA,MF,D.C. United,26-055,1999,5.9,13,2.20,10,0,0,2,1,0,2,0.34,2,0,0,0,0,0,Matches
Jacob Shaffelburg,ca CAN,"FW,MF",Nashville SC,25-161,1999,2.9,12,4.09,8,0,0,1,2,1,2,0.68,1,0,0,0,1,0,Matches
Charles Sharp,us USA,FW,Toronto FC,23-317,2001,1.1,2,1.86,2,0,0,0,0,0,0,0.00,0,0,0,0,0,0,Matches
Samuel Shashoua,eng ENG,"MF,FW",Minnesota Utd,25-358,1999,1.2,4,3.43,3,1,0,0,0,0,0,0.00,0,0,0,0,0,0,Matches
Khiry Shelton,us USA,DF,Sporting KC,31-314,1993,4.4,6,1.35,4,1,0,0,0,1,1,0.23,1,0,0,0,0,0,Matches
Jonathan Shore,us USA,MF,NYCFC,18-023,2007,7.7,15,1.96,11,0,0,2,0,2,0,0.00,0,0,0,0,0,0,Matches
Show,ao ANG,MF,FC Dallas,26-061,1999,2.2,1,0.45,1,0,0,0,0,0,0,0.00,0,0,0,0,0,0,Matches
Xande Silva,pt POR,FW,Atlanta Utd,28-051,1997,2.5,11,4.36,7,0,3,1,0,0,1,0.40,1,0,0,0,0,0,Matches
Xande Silva,pt POR,DF,St. Louis,28-051,1997,0.2,0,0.00,0,0,0,0,0,0,0,0.00,0,0,0,0,0,0,Matches
Jonathan Sirois,ca CAN,GK,CF Montréal,23-313,2001,10.0,1,0.10,1,0,0,0,0,0,0,0.00,0,0,0,0,0,0,Matches
Jack Skahan,us USA,MF,SJ Earthquakes,27-088,1998,0.1,0,0.00,0,0,0,0,0,0,0,0.00,0,0,0,0,0,0,Matches
Bartosz Slisz,pl POL,MF,Atlanta Utd,26-038,1999,8.2,15,1.82,11,0,1,2,0,1,1,0.12,1,0,0,0,0,0,Matches
Tyger Smalls,,"FW,MF",Charlotte,,,0.6,0,0.00,0,0,0,0,0,0,0,0.00,0,0,0,0,0,0,Matches
Alec Smir,us USA,GK,Minnesota Utd,26-023,1999,1.0,0,0.00,0,0,0,0,0,0,0,0.00,0,0,0,0,0,0,Matches
Brad Smith,au AUS,"DF,MF",FC Cincinnati,31-027,1994,1.4,2,1.46,1,0,0,1,0,0,0,0.00,0,0,0,0,0,0,Matches
Ian Smith,us USA,DF,Portland Timbers,22-294,2002,3.3,5,1.53,4,0,0,0,1,0,1,0.31,0,0,0,0,1,0,Matches
Kyle Smith,us USA,"DF,MF",Orlando City,33-117,1992,4.5,7,1.56,5,1,0,0,1,0,2,0.45,1,1,0,0,0,0,Matches
Artem Smoliakov,ua UKR,"DF,MF",LAFC,21-342,2003,2.9,4,1.37,4,0,0,0,0,0,0,0.00,0,0,0,0,0,0,Matches
Mohammed Sofo,gh GHA,FW,NY Red Bulls,20-187,2004,2.6,1,0.38,1,0,0,0,0,0,0,0.00,0,0,0,0,0,0,Matches
Tyrese Spicer,tt TRI,"FW,MF",Toronto FC,24-153,2000,3.5,10,2.86,9,0,0,0,0,1,0,0.00,0,0,0,0,0,0,Matches
Player,Nation,Pos,Squad,Age,Born,90s,SCA,SCA90,PassLive,PassDead,TO,Sh,Fld,Def,GCA,GCA90,PassLive,PassDead,TO,Sh,Fld,Def,Matches
Dayne St. Clair,ca CAN,GK,Minnesota Utd,27-362,1997,10.0,3,0.30,1,2,0,0,0,0,1,0.10,0,1,0,0,0,0,Matches
Lazar Stefanovic,ca CAN,"DF,MF",Toronto FC,18-269,2006,1.2,0,0.00,0,0,0,0,0,0,0,0.00,0,0,0,0,0,0,Matches
Zack Steffen,us USA,GK,Colorado Rapids,30-034,1995,9.0,1,0.11,0,1,0,0,0,0,0,0.00,0,0,0,0,0,0,Matches
Daniel Steres,us USA,DF,Houston Dynamo,34-176,1990,3.4,3,0.88,2,1,0,0,0,0,0,0.00,0,0,0,0,0,0,Matches
Kimani Stewart-Baynes,ca CAN,"MF,FW",Colorado Rapids,20-109,2005,0.2,0,0.00,0,0,0,0,0,0,0,0.00,0,0,0,0,0,0,Matches
Jared Stroud,us USA,"FW,MF",D.C. United,28-300,1996,7.2,19,2.64,15,0,0,3,1,0,0,0.00,0,0,0,0,0,0,Matches
Peter Stroud,us USA,MF,NY Red Bulls,23-013,2002,7.9,17,2.14,13,0,0,3,1,0,2,0.25,2,0,0,0,0,0,Matches
Brad Stuver,us USA,GK,Austin,34-020,1991,11.0,4,0.36,4,0,0,0,0,0,0,0.00,0,0,0,0,0,0,Matches
Luis Suárez,uy URU,FW,Inter Miami,38-102,1987,7.3,23,3.14,21,0,0,2,0,0,8,1.09,6,0,0,2,0,0,Matches
Magomed-Shapi Suleymanov,ru RUS,"FW,MF",Sporting KC,25-141,1999,8.4,22,2.62,16,2,0,0,4,0,5,0.60,3,0,0,0,2,0,Matches
Cavan Sullivan,us USA,"MF,FW",Philadelphia Union,15-220,2009,0.5,5,9.37,5,0,0,0,0,0,0,0.00,0,0,0,0,0,0,Matches
Quinn Sullivan,us USA,MF,Philadelphia Union,21-040,2004,10.3,48,4.66,37,5,2,3,0,1,7,0.68,6,0,0,1,0,0,Matches
Finn Surman,nz NZL,DF,Portland Timbers,21-225,2003,10.7,5,0.47,4,1,0,0,0,0,1,0.09,0,1,0,0,0,0,Matches
Sam Surridge,eng ENG,FW,Nashville SC,26-282,1998,10.7,39,3.63,24,1,3,3,6,2,7,0.65,4,0,1,1,1,0,Matches
Oleksandr Svatok,ua UKR,DF,Austin,30-221,1994,7.7,7,0.91,6,0,0,1,0,0,0,0.00,0,0,0,0,0,0,Matches
Erik Sviatchenko,dk DEN,DF,Houston Dynamo,33-214,1991,5.5,2,0.36,2,0,0,0,0,0,0,0.00,0,0,0,0,0,0,Matches
Hennadii Synchuk,ua UKR,FW,CF Montréal,18-300,2006,1.3,6,4.74,5,0,0,0,0,1,0,0.00,0,0,0,0,0,0,Matches
Nkosi Tafari,us USA,DF,LAFC,28-044,1997,4.9,5,1.02,5,0,0,0,0,0,0,0.00,0,0,0,0,0,0,Matches
Zakaria Taifi,us USA,DF,Orlando City,19-217,2005,0.1,0,0.00,0,0,0,0,0,0,0,0.00,0,0,0,0,0,0,Matches
Yohei Takaoka,jp JPN,GK,Vancouver W'caps,29-051,1996,11.0,2,0.18,2,0,0,0,0,0,0,0.00,0,0,0,0,0,0,Matches
Strahinja Tanasijević,rs SRB,DF,NYCFC,27-328,1997,2.2,2,0.92,2,0,0,0,0,0,0,0.00,0,0,0,0,0,0,Matches
Andrew Tarbell,us USA,GK,Houston Dynamo,31-211,1993,3.4,0,0.00,0,0,0,0,0,0,0,0.00,0,0,0,0,0,0,Matches
Iuri Tavares,cv CPV,"FW,MF",Charlotte,24-059,2001,0.3,0,0.00,0,0,0,0,0,0,0,0.00,0,0,0,0,0,0,Matches
D.J. Taylor,us USA,DF,Minnesota Utd,27-253,1997,0.7,1,1.41,1,0,0,0,0,0,0,0.00,0,0,0,0,0,0,Matches
Robert Taylor,fi FIN,FW,Austin,30-197,1994,0.3,1,3.00,1,0,0,0,0,0,0,0.00,0,0,0,0,0,0,Matches
Player,Nation,Pos,Squad,Age,Born,90s,SCA,SCA90,PassLive,PassDead,TO,Sh,Fld,Def,GCA,GCA90,PassLive,PassDead,TO,Sh,Fld,Def,Matches
Robert Taylor,fi FIN,"MF,FW",Inter Miami,30-197,1994,2.2,3,1.36,3,0,0,0,0,0,0,0.00,0,0,0,0,0,0,Matches
Carlos Terán,co COL,DF,Chicago Fire,24-224,2000,3.3,2,0.61,1,1,0,0,0,0,0,0.00,0,0,0,0,0,0,Matches
Cedric Teuchert,de GER,"FW,MF",St. Louis,28-112,1997,5.9,8,1.36,7,0,0,0,1,0,2,0.34,1,0,0,0,1,0,Matches
Odin Thiago Holm,no NOR,"MF,FW",LAFC,22-108,2003,1.1,3,2.73,3,0,0,0,0,0,0,0.00,0,0,0,0,0,0,Matches
Jamal Thiaré,sn SEN,"FW,DF",Atlanta Utd,32-036,1993,1.6,1,0.61,1,0,0,0,0,0,0,0.00,0,0,0,0,0,0,Matches
Andrew Thomas,ru RUS,GK,Seattle Sounders,26-247,1998,1.0,0,0.00,0,0,0,0,0,0,0,0.00,0,0,0,0,0,0,Matches
Erik Thommy,de GER,"FW,MF",Sporting KC,30-259,1994,5.6,13,2.34,12,0,0,0,1,0,2,0.36,2,0,0,0,0,0,Matches
Kosi Thompson,ca CAN,DF,Toronto FC,22-099,2003,7.8,7,0.90,5,1,0,0,0,1,0,0.00,0,0,0,0,0,0,Matches
Timmy Tillman,de GER,MF,LAFC,26-122,1999,8.3,30,3.60,24,0,1,1,3,1,3,0.36,3,0,0,0,0,0,Matches
Cayman Togashi,jp JPN,"MF,FW",Atlanta Utd,31-269,1993,0.7,1,1.38,0,1,0,0,0,0,1,1.38,0,1,0,0,0,0,Matches
Nouhou Tolo,cm CMR,DF,Seattle Sounders,27-317,1997,8.7,13,1.49,11,0,0,1,1,0,1,0.11,1,0,0,0,0,0,Matches
Tomas Totland,no NOR,DF,St. Louis,26-220,1998,3.7,8,2.14,6,1,0,1,0,0,0,0.00,0,0,0,0,0,0,Matches
Mason Toye,us USA,FW,Sporting KC,26-202,1998,0.2,1,4.50,1,0,0,0,0,0,0,0.00,0,0,0,0,0,0,Matches
Wil Trapp,us USA,MF,Minnesota Utd,32-111,1993,9.7,11,1.14,10,0,0,0,1,0,0,0.00,0,0,0,0,0,0,Matches
Jackson Travis,us USA,DF,Colorado Rapids,21-072,2004,1.5,0,0.00,0,0,0,0,0,0,0,0.00,0,0,0,0,0,0,Matches
Niko Tsakiris,us USA,MF,SJ Earthquakes,19-321,2005,2.7,17,6.37,12,2,1,1,0,1,2,0.75,2,0,0,0,0,0,Matches
Garrison Tubbs,us USA,DF,D.C. United,23-078,2002,0.5,0,0.00,0,0,0,0,0,0,0,0.00,0,0,0,0,0,0,Matches
Jeppe Tverskov,dk DEN,MF,San Diego FC,32-055,1993,10.8,21,1.95,21,0,0,0,0,0,3,0.28,3,0,0,0,0,0,Matches
Mikael Uhre,dk DEN,FW,Philadelphia Union,30-218,1994,6.8,20,2.95,12,0,1,5,2,0,2,0.30,2,0,0,0,0,0,Matches
Cengiz Ünder,tr TUR,FW,LAFC,27-296,1997,3.4,9,2.66,5,3,1,0,0,0,2,0.59,2,0,0,0,0,0,Matches
Osaze Urhoghide,nl NED,DF,FC Dallas,24-306,2000,11.0,6,0.55,5,0,0,1,0,0,2,0.18,1,0,0,1,0,0,Matches
Maximiliano Urruti,ar ARG,FW,NE Revolution,34-073,1991,4.0,10,2.52,6,0,2,1,0,1,1,0.25,1,0,0,0,0,0,Matches
Júnior Urso,br BRA,MF,Houston Dynamo,36-057,1989,2.2,1,0.45,0,0,1,0,0,0,0,0.00,0,0,0,0,0,0,Matches
Óscar Ustari,ar ARG,GK,Inter Miami,38-307,1986,6.4,2,0.31,2,0,0,0,0,0,0,0.00,0,0,0,0,0,0,Matches
Myrto Uzuni,al ALB,FW,Austin,29-340,1995,7.8,19,2.45,14,1,2,1,0,1,0,0.00,0,0,0,0,0,0,Matches
Player,Nation,Pos,Squad,Age,Born,90s,SCA,SCA90,PassLive,PassDead,TO,Sh,Fld,Def,GCA,GCA90,PassLive,PassDead,TO,Sh,Fld,Def,Matches
Onni Valakari,fi FIN,"FW,MF",San Diego FC,25-261,1999,7.3,19,2.61,15,0,0,2,2,0,6,0.83,4,0,0,1,1,0,Matches
Omar Valencia,pa PAN,DF,NY Red Bulls,20-332,2004,7.1,18,2.52,9,7,1,0,1,0,4,0.56,2,2,0,0,0,0,Matches
Gerardo Valenzuela,us USA,MF,FC Cincinnati,20-220,2004,1.5,6,4.00,5,0,0,1,0,0,0,0.00,0,0,0,0,0,0,Matches
Kerwin Vargas,co COL,"FW,MF",Charlotte,23-124,2002,4.5,18,3.96,10,2,2,2,2,0,1,0.22,0,0,0,1,0,0,Matches
Obed Vargas,mx MEX,MF,Seattle Sounders,19-274,2005,8.8,45,5.09,35,0,2,4,2,2,5,0.57,4,0,1,0,0,0,Matches
Indiana Vassilev,us USA,MF,Philadelphia Union,24-079,2001,6.1,19,3.13,16,1,0,0,1,1,2,0.33,2,0,0,0,0,0,Matches
Brandon Vazquez,us USA,FW,Austin,26-204,1998,9.7,22,2.28,12,0,3,4,2,1,3,0.31,1,0,1,0,1,0,Matches
Brayan Vera,co COL,DF,Real Salt Lake,26-111,1999,6.7,4,0.60,3,0,0,1,0,0,0,0.00,0,0,0,0,0,0,Matches
Oscar Verhoeven,us USA,DF,San Diego FC,18-340,2006,0.3,1,3.75,1,0,0,0,0,0,0,0.00,0,0,0,0,0,0,Matches
Oscar Verhoeven,us USA,MF,SJ Earthquakes,18-340,2006,0.1,1,15.00,1,0,0,0,0,0,0,0.00,0,0,0,0,0,0,Matches
Ranko Veselinović,rs SRB,DF,Vancouver W'caps,26-043,1999,10.0,11,1.10,9,0,0,2,0,0,1,0.10,0,0,0,1,0,0,Matches
Jules-Anthony Vilsaint,ca CAN,"FW,MF",CF Montréal,22-120,2003,1.3,0,0.00,0,0,0,0,0,0,0,0.00,0,0,0,0,0,0,Matches
Sam Vines,us USA,DF,Colorado Rapids,25-340,1999,2.4,1,0.42,1,0,0,0,0,0,0,0.00,0,0,0,0,0,0,Matches
Pedro Vite,ec ECU,"MF,FW",Vancouver W'caps,23-058,2002,8.1,40,4.95,33,4,0,2,1,0,6,0.74,5,1,0,0,0,0,Matches
Robert Voloder,ba BIH,DF,Sporting KC,23-362,2001,6.5,1,0.15,0,0,0,0,1,0,0,0.00,0,0,0,0,0,0,Matches
Giacomo Vrioni,al ALB,"FW,MF",CF Montréal,26-203,1998,0.9,2,2.28,1,0,0,1,0,0,0,0.00,0,0,0,0,0,0,Matches
Kai Wagner,de GER,DF,Philadelphia Union,28-080,1997,8.9,33,3.71,19,13,1,0,0,0,8,0.90,5,2,1,0,0,0,Matches
Conrad Wallem,no NOR,"DF,MF",St. Louis,24-331,2000,9.2,20,2.18,14,1,0,4,1,0,2,0.22,2,0,0,0,0,0,Matches
Joel Waterman,ca CAN,DF,CF Montréal,29-102,1996,8.4,8,0.95,8,0,0,0,0,0,0,0.00,0,0,0,0,0,0,Matches
Akil Watts,us USA,"MF,DF",St. Louis,25-091,2000,8.8,12,1.37,10,0,0,1,0,1,0,0.00,0,0,0,0,0,0,Matches
Marcelo Weigandt,ar ARG,DF,Inter Miami,25-115,2000,2.5,5,2.02,4,0,0,1,0,0,2,0.81,1,0,0,1,0,0,Matches
Francis Westfield,us USA,DF,Philadelphia Union,19-148,2005,8.7,18,2.06,14,1,1,0,1,1,4,0.46,4,0,0,0,0,0,Matches
Ashley Westwood,eng ENG,MF,Charlotte,35-035,1990,11.0,21,1.91,19,2,0,0,0,0,2,0.18,1,1,0,0,0,0,Matches
Brian White,us USA,FW,Vancouver W'caps,29-092,1996,7.9,16,2.02,11,0,0,2,3,0,0,0.00,0,0,0,0,0,0,Matches
Adrian Wibowo,us USA,FW,LAFC,19-109,2006,0.2,0,0.00,0,0,0,0,0,0,0,0.00,0,0,0,0,0,0,Matches
Player,Nation,Pos,Squad,Age,Born,90s,SCA,SCA90,PassLive,PassDead,TO,Sh,Fld,Def,GCA,GCA90,PassLive,PassDead,TO,Sh,Fld,Def,Matches
Derrick Williams,ie IRL,DF,Atlanta Utd,32-109,1993,6.1,3,0.50,2,1,0,0,0,0,1,0.17,0,1,0,0,0,0,Matches
Samuel Williams,us USA,MF,Chicago Fire,20-049,2005,2.6,1,0.38,1,0,0,0,0,0,0,0.00,0,0,0,0,0,0,Matches
Thomas Williams,us USA,DF,Orlando City,20-264,2004,0.1,0,0.00,0,0,0,0,0,0,0,0.00,0,0,0,0,0,0,Matches
Eryk Williamson,us USA,"MF,FW",Charlotte,27-329,1997,2.1,6,2.89,5,1,0,0,0,0,0,0.00,0,0,0,0,0,0,Matches
Joe Willis,us USA,GK,Nashville SC,36-269,1988,11.0,2,0.18,2,0,0,0,0,0,1,0.09,1,0,0,0,0,0,Matches
Bruno Wilson,pt POR,DF,SJ Earthquakes,28-130,1996,8.0,6,0.75,6,0,0,0,0,0,0,0.00,0,0,0,0,0,0,Matches
Henry Wingo,us USA,DF,Toronto FC,29-214,1995,2.5,3,1.22,3,0,0,0,0,0,0,0.00,0,0,0,0,0,0,Matches
Hannes Wolf,at AUT,FW,NYCFC,26-020,1999,10.4,25,2.39,18,2,1,4,0,0,3,0.29,3,0,0,0,0,0,Matches
Owen Wolff,us USA,"MF,FW",Austin,20-127,2004,10.0,33,3.30,18,13,1,0,1,0,3,0.30,0,3,0,0,0,0,Matches
Tyler Wolff,us USA,"FW,MF",Real Salt Lake,22-082,2003,2.3,6,2.61,3,0,1,0,2,0,0,0.00,0,0,0,0,0,0,Matches
Elijah Wynder,us USA,MF,LA Galaxy,22-057,2003,2.5,5,1.98,5,0,0,0,0,0,1,0.40,1,0,0,0,0,0,Matches
Miki Yamane,jp JPN,DF,LA Galaxy,31-135,1993,7.3,18,2.47,17,0,0,0,0,1,3,0.41,3,0,0,0,0,0,Matches
Dominik Yankov,bg BUL,MF,CF Montréal,24-282,2000,0.3,2,5.81,1,1,0,0,0,0,0,0.00,0,0,0,0,0,0,Matches
Darren Yapi,us USA,FW,Colorado Rapids,20-168,2004,3.6,5,1.41,3,0,0,0,1,1,1,0.28,0,0,0,0,1,0,Matches
Joshua Yaro,gh GHA,DF,St. Louis,30-169,1994,7.1,2,0.28,2,0,0,0,0,0,0,0.00,0,0,0,0,0,0,Matches
Patrick Yazbek,au AUS,MF,Nashville SC,23-031,2002,6.3,8,1.26,8,0,0,0,0,0,1,0.16,1,0,0,0,0,0,Matches
Kelvin Yeboah,it ITA,FW,Minnesota Utd,25-000,2000,8.6,21,2.45,17,0,1,2,1,0,1,0.12,1,0,0,0,0,0,Matches
Yaw Yeboah,gh GHA,"MF,FW",LAFC,28-039,1997,3.2,5,1.54,4,0,1,0,0,0,0,0.00,0,0,0,0,0,0,Matches
DeAndre Yedlin,us USA,DF,FC Cincinnati,31-301,1993,9.8,21,2.15,19,0,0,0,1,1,1,0.10,1,0,0,0,0,0,Matches
Maya Yoshida,jp JPN,DF,LA Galaxy,36-255,1988,7.0,9,1.28,9,0,0,0,0,0,1,0.14,1,0,0,0,0,0,Matches
Jackson Yueill,us USA,MF,NE Revolution,28-048,1997,4.2,7,1.66,6,1,0,0,0,0,0,0.00,0,0,0,0,0,0,Matches
Alhassan Yusuf,ng NGA,MF,NE Revolution,24-292,2000,9.9,27,2.72,25,1,0,1,0,0,2,0.20,2,0,0,0,0,0,Matches
Wilfried Zaha,ci CIV,"FW,MF",Charlotte,32-177,1992,9.0,33,3.67,25,0,4,0,4,0,3,0.33,2,0,0,0,1,0,Matches
Eriq Zavaleta,sv SLV,DF,LA Galaxy,32-277,1992,1.4,1,0.71,1,0,0,0,0,0,0,0.00,0,0,0,0,0,0,Matches
Sean Zawadzki,us USA,"DF,MF",Columbus Crew,25-015,2000,11.0,14,1.27,11,0,1,0,1,1,0,0.00,0,0,0,0,0,0,Matches
Player,Nation,Pos,Squad,Age,Born,90s,SCA,SCA90,PassLive,PassDead,TO,Sh,Fld,Def,GCA,GCA90,PassLive,PassDead,TO,Sh,Fld,Def,Matches
Walker Zimmerman,us USA,DF,Nashville SC,31-352,1993,6.9,11,1.60,7,0,0,3,1,0,2,0.29,1,0,0,1,0,0,Matches
Philip Zinckernagel,dk DEN,FW,Chicago Fire,30-141,1994,8.5,42,4.95,20,11,7,2,1,1,5,0.59,2,2,0,0,0,1,Matches
Rida Zouhir,ca CAN,"MF,FW",D.C. United,21-164,2003,1.0,4,3.96,2,2,0,0,0,0,1,0.99,1,0,0,0,0,0,Matches
